"Provincia, canton y distrito",Población de 15 años y más,Tasa neta de participación,Tasa_de_ocupacion,Tasa de desempleo abierto,Porcentaje de población económicamente inactiva,Relación de dependencia económica,Sector Primario,Sector Secundario,Sector Terciario
,,,,,,,,,
San José,1087315.0,56.02369138658071,54.076325627807954,3.4759683101481724,43.9763086134193,1.3052331594309485,5.4697438688390765,17.29412565053233,77.23613048062859
,,,,,,,,,
San José,225856.0,56.70825658826863,54.47718900538396,3.9342905550480562,43.29174341173137,1.2490337994519007,0.653446033810143,18.906046814044213,80.44050715214564
,,,,,,,,,
Carmen           ,2431.0,56.31427396133278,54.792266556972436,2.7027027027027026,43.68572603866722,0.9737034331628927,1.5765765765765765,8.708708708708707,89.71471471471472
Merced         ,9655.0,59.24391506991197,56.9963749352667,3.7937062937062933,40.756084930088036,1.1428321678321678,0.8359076867163365,18.26276576412866,80.901326549155
Hospital          ,15096.0,56.42554319024907,53.928192898781134,4.425921577835172,43.57445680975093,1.2622681380605776,0.4667731236948778,18.621790934774598,80.91143594153053
Catedral          ,10742.0,59.01135728914541,57.02848631539751,3.3601514434453383,40.98864271085459,1.04070042593469,0.45706823375775385,14.593535749265426,84.94939601697682
Zapote          ,15545.0,55.67706658089418,54.049533612093924,2.92316580011554,44.32293341910582,1.1581744656268054,0.6069983337300643,13.746726969769101,85.64627469650084
San Francisco de Dos Ríos,16895.0,57.425273749630065,56.081680970701385,2.3397237682951966,42.574726250369935,1.082972582972583,0.5171503957783642,13.013192612137203,86.46965699208444
Uruca            ,22717.0,59.030681868204425,56.64920544085928,4.034302759134974,40.969318131795575,1.3659955257270693,0.9946382780324812,29.06208718626156,69.94327453570595
Mata Redonda      ,7077.0,54.02006499929348,52.16899816306344,3.4266283023803292,45.97993500070651,1.1744703112738686,1.1375947995666305,11.728060671722645,87.13434452871073
Pavas            ,54510.0,56.319941295175205,53.93505778756192,4.234527687296417,43.6800587048248,1.3252117263843648,0.7346938775510203,23.761904761904763,75.50340136054422
Hatillo           ,39555.0,54.72633042598913,52.218430034129696,4.582621148427034,45.273669574010874,1.333394927703608,0.4502541757443719,16.383442265795207,83.16630355846041
San Sebastián     ,31633.0,57.52220782094648,55.148104827237376,4.12728072103759,42.47779217905352,1.2018575511101341,0.527371739753511,16.050444253367726,83.42218400687877
,,,,,,,,,
Escazú,44797.0,60.709422505971375,58.86554903230127,3.0372113546109722,39.29057749402862,1.0778423297543755,2.5483503981797497,16.71596511186955,80.7356844899507
,,,,,,,,,
Escazú            ,9580.0,58.70563674321503,56.69102296450939,3.4317211948790893,41.29436325678497,1.1308677098150783,1.6203277481126863,15.70613146750138,82.67354078438593
San Antonio       ,17544.0,60.5734154126767,58.74943000455997,3.0111978921614755,39.4265845873233,1.12232991436906,3.7935383719802074,18.57960609294654,77.62685553507325
San Rafael        ,17673.0,61.930628642562105,60.159565438804954,2.8597533120146186,38.069371357437895,1.0074006395614437,1.8152746425884123,15.425131677953349,82.75959367945825
,,,,,,,,,
Desamparados,159292.0,56.98905155312257,54.70645104587801,4.005331629561903,43.010948446877435,1.2958062988136023,2.214750467622184,19.570131852242863,78.21511768013495
,,,,,,,,,
Desamparados      ,26951.0,59.26681755779006,56.409780713146084,4.820634821260877,40.73318244220994,1.1202028422963752,0.5327895810037493,14.957574162994147,84.50963625600211
San Miguel        ,24071.0,57.13098749532632,54.91255037181671,3.883071553228621,42.86901250467368,1.3127545084351366,1.626569829021032,20.184596761991223,78.18883340898775
San Juan de Dios  ,14462.0,56.686488729083116,54.66048955884387,3.574042449377897,43.31351127091689,1.3763112954379118,0.683111954459203,22.605945604048074,76.71094244149272
San Rafael Arriba ,11832.0,56.10209601081812,53.97227856659905,3.796324194034348,43.89790398918188,1.2991865019584212,0.8142812402129659,20.263075477607266,78.92264328217978
San Antonio       ,7928.0,58.75378405650857,57.0635721493441,2.8767711464147703,41.24621594349142,1.088235294117647,0.8178603006189213,14.942528735632186,84.23961096374889
Frailes           ,2844.0,50.73839662447257,48.628691983122366,4.158004158004158,49.26160337552742,1.613998613998614,40.41937816341287,16.992046276211134,42.58857556037599
Patarrá          ,8817.0,55.61982533741635,53.51026426222071,3.792822185970636,44.38017466258364,1.4308727569331159,2.4586689275116576,25.667655786350146,71.8736752861382
San Cristóbal     ,2839.0,51.84924269108841,50.65163790066926,2.309782608695652,48.150757308911594,1.6528532608695652,24.200278164116828,37.41307371349096,38.38664812239222
Rosario           ,2281.0,54.888206926786495,53.79219640508549,1.996805111821086,45.111793073213505,1.4664536741214058,22.819885900570497,15.403422982885084,61.77669111654441
Damas            ,10201.0,58.50406822860504,56.94539751004803,2.6642091152815013,41.495931771394964,1.207607238605898,0.5164400068858668,19.159924255465658,80.32363573764847
San Rafael Abajo  ,17822.0,59.690270452250026,57.602962630456744,3.4968979131415683,40.309729547749974,1.1886632825719121,0.5260081823495032,20.397428404441847,79.07656341320865
Gravilias         ,12360.0,57.69417475728156,55.614886731391586,3.6039826111344833,42.30582524271845,1.1068573832562052,0.450974687227233,12.321792260692463,87.2272330520803
Los Guido,16884.0,51.83605780620706,48.51930822080076,6.39853747714808,48.16394219379294,1.7538848263254114,0.89111328125,25.9765625,73.13232421875
,,,,,,,,,
Puriscal,25774.0,50.65957942112206,49.103747963063554,3.071149574940645,49.34042057887794,1.527686298537183,15.786978508217448,14.420037926675095,69.79298356510746
,,,,,,,,,
Santiago          ,9122.0,54.099978074983554,52.63100197325148,2.7152988855116513,45.900021925016446,1.332725430597771,5.977921266402833,13.518017079775046,80.50406165382212
Mercedes Sur      ,4562.0,50.28496273564226,48.92590968873301,2.7027027027027026,49.71503726435774,1.5571054925893635,20.07168458781362,16.666666666666664,63.261648745519715
Barbacoas         ,2838.0,49.36575052854123,47.815362931642,3.140613847251963,50.63424947145877,1.635260528194147,14.148857774502579,17.980840088430362,67.87030213706706
Grifo Alto        ,922.0,44.577006507592195,43.16702819956616,3.1630170316301705,55.42299349240781,1.8759124087591241,33.165829145728644,13.316582914572864,53.517587939698494
San Rafael        ,1409.0,46.0610361958836,44.78353442157559,2.773497688751926,53.93896380411639,1.6656394453004622,13.312202852614895,13.787638668779714,72.90015847860539
Candelarita       ,1112.0,43.25539568345324,42.44604316546763,1.8711018711018712,56.74460431654676,1.9854469854469854,37.28813559322034,9.533898305084746,53.17796610169492
Desamparaditos    ,542.0,49.2619926199262,48.708487084870846,1.1235955056179776,50.7380073800738,1.4943820224719102,8.333333333333332,17.045454545454543,74.62121212121212
San Antonio       ,2978.0,54.09670920080592,51.84687709872398,4.158907510862818,45.90329079919409,1.4140285536933581,8.549222797927461,17.487046632124354,73.96373056994818
Chires            ,2289.0,44.03669724770643,41.8086500655308,5.059523809523809,55.96330275229357,2.0069444444444446,54.858934169278996,6.269592476489027,38.87147335423197
,,,,,,,,,
Tarrazú,11800.0,51.16101694915254,49.737288135593225,2.782839158522445,48.83898305084745,1.696703660758655,41.21656159482024,10.393593457147725,48.389844948032035
,,,,,,,,,
San Marcos        ,7427.0,51.339706476370004,49.7105156860105,3.1733543141883027,48.66029352363,1.6207710464201417,27.87107258938245,12.323943661971832,59.804983748645725
San Lorenzo       ,3116.0,51.50834403080873,50.224646983311935,2.4922118380062304,48.49165596919127,1.7376947040498443,60.95846645367412,6.581469648562301,32.46006389776358
San Carlos        ,1257.0,49.2442322991249,48.6873508353222,1.1308562197092082,50.7557677008751,2.0581583198707594,71.24183006535948,8.49673202614379,20.26143790849673
,,,,,,,,,
Aserrí,43396.0,54.45663194764494,52.68688358374044,3.2498307379823967,45.543368052355056,1.4497291807718349,7.2778166550035,18.964310706787963,73.75787263820854
,,,,,,,,,
Aserrí            ,21291.0,56.57319994363815,54.63341317927763,3.4288086342880866,43.42680005636184,1.3404732254047322,1.5818431911966988,19.790233837689133,78.62792297111417
Tarbaca     ,1096.0,53.46715328467153,51.18613138686131,4.266211604095563,46.53284671532847,1.4675767918088738,20.499108734402853,16.577540106951872,62.92335115864528
Vuelta de Jorco   ,4956.0,49.455205811138015,47.98224374495561,2.9783761729906164,50.544794188861985,1.6515707874337004,22.413793103448278,13.162321278385198,64.42388561816654
San Gabriel       ,4521.0,49.856226498562265,48.72815748728158,2.2626441881100265,50.143773501437735,1.688997338065661,13.527008624602816,16.06899682251475,70.40399455288244
Legua           ,1063.0,45.155221072436504,43.93226716839135,2.7083333333333335,54.844778927563496,2.16875,52.46252676659529,8.779443254817988,38.75802997858672
Monterrey         ,362.0,46.96132596685083,45.58011049723757,2.941176470588235,53.03867403314917,1.9294117647058824,55.15151515151515,10.909090909090908,33.939393939393945
Salitrillos       ,10107.0,55.86227367171267,54.00217670921143,3.329791002479632,44.13772632828732,1.4222458377612468,3.6277024551117627,22.260901429094908,74.11139611579333
,,,,,,,,,
Mora,20414.0,55.21700793573038,53.433917899480754,3.2292405961674944,44.782992064269614,1.3326827537260468,8.259992665933261,16.0982764943161,75.64173083975064
,,,,,,,,,
Colón            ,12642.0,58.629963613352324,56.74735010283183,3.211009174311927,41.37003638664768,1.1705342687533729,4.572065793141902,15.625871201561193,79.8020630052969
Guayabo           ,3381.0,53.59361135758651,52.23306713989943,2.5386313465783665,46.40638864241349,1.455298013245033,8.776896942242356,20.15855039637599,71.06455266138165
Tabarcia          ,3561.0,48.1044650379107,46.11064307778714,4.144775248102744,51.89553496208929,1.7454757734967892,17.72228989037759,15.225334957369064,67.05237515225335
Piedras Negras    ,288.0,39.93055555555556,38.54166666666667,3.4782608695652173,60.06944444444444,2.2956521739130435,58.55855855855856,3.6036036036036037,37.83783783783784
Picagres          ,542.0,40.59040590405904,39.66789667896679,2.272727272727273,59.40959409594095,2.0681818181818183,28.837209302325583,11.627906976744185,59.53488372093023
,,,,,,,,,
Goicoechea,90537.0,56.79335520284524,54.69807923832245,3.689297730410938,43.20664479715475,1.2381609910733387,1.0359032349258916,16.673397681838374,82.29069908323574
,,,,,,,,,
Guadalupe         ,17467.0,54.99513368065495,53.248983798019125,3.1750988965230063,45.00486631934505,1.1510514261919633,0.4838189441995484,13.428663584560798,86.08751747123965
San Francisco     ,1684.0,55.166270783847985,52.73159144893111,4.413347685683531,44.833729216152015,1.1872981700753498,1.1261261261261262,17.454954954954953,81.41891891891892
Calle Blancos     ,15370.0,59.11515940143136,56.896551724137936,3.753026634382567,40.88484059856864,1.0893682588597844,0.5145797598627788,16.340766152086907,83.14465408805032
Mata de Plátano   ,13808.0,61.13122827346466,59.414831981460026,2.8077242032934486,38.86877172653534,1.0578130553251985,1.157971721111653,15.553388590931252,83.28863968795709
Ipís             ,20253.0,57.408778946328944,55.40413765861848,3.491872366044552,42.59122105367106,1.239012642986153,0.47232866945905,17.244452366099278,82.28321896444167
Rancho Redondo    ,1903.0,55.64897530215449,52.91644771413557,4.910292728989613,44.35102469784551,1.3966005665722379,19.860973187686195,19.36444885799404,60.77457795431977
Purral            ,20052.0,53.216636744464395,50.64831438260523,4.826164370724393,46.78336325553561,1.5737044325742666,0.6400157542339504,19.870027569909414,79.48995667585663
,,,,,,,,,
Santa Ana,38096.0,61.775514489710204,60.36329273414531,2.2860542194272115,38.224485510289796,1.087320472507861,3.1570707949208554,17.6682901374152,79.17463906766395
,,,,,,,,,
Santa Ana         ,9075.0,62.76584022038567,61.52066115702479,1.9838483146067416,37.23415977961432,0.9873595505617978,2.2926741895038507,17.123410352856887,80.58391545763926
Salitral          ,3171.0,61.33711762850835,59.91800693787449,2.313624678663239,38.66288237149164,1.212853470437018,9.263157894736842,19.894736842105264,70.84210526315789
Pozos   ,11893.0,63.751786765324134,62.13739174304212,2.532313373780005,36.24821323467586,1.0555262463729886,2.341001353179973,17.185385656292286,80.47361299052774
Uruca,5548.0,59.67916366258111,58.12905551550108,2.5974025974025974,40.32083633741889,1.1745696164300816,2.945736434108527,17.085271317829456,79.96899224806202
Piedades          ,6434.0,58.765930991607085,57.429281939695365,2.274530547474213,41.234069008392915,1.1496958476593493,3.3288227334235456,18.213802435723952,78.4573748308525
Brasil            ,1975.0,61.721518987341774,60.91139240506329,1.3125512715340444,38.278481012658226,1.1214109926168991,2.57689110556941,19.534497090606816,77.88861180382376
,,,,,,,,,
Alajuelita,56704.0,56.01721218961625,53.89743227990971,3.784158166477774,43.98278781038375,1.4431116987784913,0.7722007722007722,22.599960735553957,76.62783849224527
,,,,,,,,,
Alajuelita,9282.0,58.123249299719895,56.11937082525318,3.4476367006487485,41.87675070028011,1.2220574606116774,0.4415434824342484,17.450566327510078,82.10789019005567
San Josecito      ,7779.0,56.99961434631701,55.58555084201055,2.4808299503834013,43.00038565368299,1.3694181326116373,0.9944495837187789,21.114708603145235,77.89084181313598
San Antonio       ,3423.0,56.82150160677768,54.9225825299445,3.3419023136246784,43.17849839322232,1.4365038560411312,3.9893617021276597,22.340425531914892,73.67021276595744
Concepción        ,13829.0,55.94041506978089,53.19256634608431,4.912099276111686,44.0595849302191,1.4199844881075492,0.29907558455682437,23.531810766721044,76.16911364872213
San Felipe        ,22391.0,54.727345808583806,52.668482872582736,3.762036885914803,45.272654191416194,1.5827484902888853,0.6190112778767065,24.879165606715848,74.50182311540745
,,,,,,,,,
Vázquez de Coronado,47697.0,58.39780279682161,56.61991320208818,3.0444460400660587,41.6021972031784,1.171537301644288,2.1439680071095313,16.13715470636155,81.71887728652892
,,,,,,,,,
San Isidro        ,13338.0,59.58914379967012,58.06717648822912,2.5541016607951685,40.41085620032989,1.0917211877201811,1.1491284699806326,14.615881213686249,84.23499031633311
San Rafael        ,5553.0,56.69007743562039,54.961282189807314,3.0495552731893265,43.30992256437962,1.236340533672173,5.53735255570118,18.315858453473133,76.14678899082568
Dulce Nombre de Jesús,7574.0,57.56535516239768,55.24161605492475,4.036697247706423,42.43464483760233,1.234862385321101,2.4139579349904396,17.97323135755258,79.61281070745699
Patalillo         ,16175.0,59.35703245749614,57.76816074188562,2.6768044995312987,40.64296754250387,1.1194667222164358,0.4387842465753425,15.122003424657535,84.43921232876713
Cascajal          ,5057.0,55.309472018983584,53.01562191022345,4.147300679299249,44.690527981016416,1.4054343939935645,6.676613204028348,18.724356583364415,74.59903021260723
,,,,,,,,,
Acosta,15270.0,49.561231172233136,48.5396201702685,2.061310782241015,50.438768827766864,1.6703224101479917,30.47760388559093,10.509983810037776,59.01241230437129
,,,,,,,,,
San Ignacio       ,6862.0,51.952783445059744,50.84523462547362,2.131837307152875,48.047216554940256,1.5290322580645161,13.585554600171971,12.381771281169389,74.03267411865863
Guaitil           ,1846.0,47.12892741061755,46.04550379198267,2.2988505747126435,52.87107258938245,1.7655172413793103,42.8235294117647,7.764705882352942,49.411764705882355
Palmichal         ,3421.0,51.30078924291143,50.19000292312189,2.1652421652421654,48.699210757088565,1.6102564102564103,27.140361094933024,12.463599301106582,60.396039603960396
Cangrejal         ,1400.0,43.07142857142857,42.285714285714285,1.8242122719734661,56.92857142857143,2.109452736318408,72.97297297297297,3.3783783783783785,23.64864864864865
Sabanillas        ,1741.0,44.514646754738656,43.882825962090756,1.4193548387096775,55.48535324526135,2.007741935483871,68.45549738219894,6.151832460732985,25.392670157068064
,,,,,,,,,
Tibás,52194.0,56.03134459899606,54.05410583591984,3.5288083433065482,43.96865540100395,1.2171995212856899,0.8294048842732074,17.0807783645837,82.08981675114309
,,,,,,,,,
San Juan          ,18346.0,56.404665867219016,54.80758748501036,2.8314650173946654,43.59533413278099,1.1013722458446076,0.9646941819990054,13.714569865738438,85.32073595226257
Cinco Esquinas    ,4478.0,58.2402858418937,55.42652970075926,4.831288343558282,41.7597141581063,1.271855828220859,0.6446414182111201,23.811442385173248,75.54391619661564
Anselmo Llorente  ,8475.0,55.905604719764014,54.3834808259587,2.722667792317434,44.094395280235986,1.1076403545799915,1.2584074636580602,13.473638533304404,85.26795400303754
León XIII     ,9881.0,50.22770974597712,47.68748102418783,5.0574249445899655,49.77229025402287,1.7525690106790248,0.530560271646859,25.87011884550085,73.5993208828523
Colima            ,11014.0,59.81478118757945,57.699291810423105,3.5367334547662415,40.18521881242055,1.0529751062537949,0.5979543666404405,15.877261998426437,83.52478363493312
,,,,,,,,,
Moravia,45444.0,58.676612974210016,56.82598362820175,3.153947121695106,41.323387025789984,1.1345959122445153,1.7735439900867411,16.112918215613384,82.11353779429987
,,,,,,,,,
San Vicente       ,25728.0,58.06902985074627,56.27332089552238,3.092369477911647,41.93097014925373,1.0748326639892904,1.0913109545517337,13.344384583506008,85.56430446194226
San Jerónimo      ,4669.0,56.71449989291069,55.08674234311416,2.8700906344410875,43.28550010708931,1.3240181268882176,8.320373250388803,22.3950233281493,69.2846034214619
La Trinidad       ,15047.0,60.32431713962916,58.31062670299727,3.3381073041753884,39.675682860370834,1.1777018838823399,0.9801686801914749,18.839753818098927,80.1800775017096
,,,,,,,,,
Montes de Oca,41561.0,58.769038281080825,57.06551815403864,2.8986693961105425,41.230961718919175,1.0115455475946775,1.1721549943078804,12.349791288948856,86.47805371674326
,,,,,,,,,
San Pedro         ,20841.0,57.42046926730963,55.93301664987285,2.590457090331746,42.579530732690365,1.003593214673686,1.0380029167024105,10.851848674616111,88.11014840868148
Sabanilla         ,9074.0,60.52457571082213,58.77231650870619,2.895120174799709,39.475424289177866,0.9619446467589221,0.9188074254640916,11.456966060378774,87.62422651415713
Mercedes,4056.0,57.76627218934911,56.63214990138067,1.9632949210414,42.23372781065089,1.0008536064874094,1.1319111885067479,9.185894645189377,89.68219416630387
San Rafael        ,7590.0,60.909090909090914,58.36627140974967,4.174778282500541,39.09090909090909,1.0964741509842093,1.8510158013544018,19.006772009029348,79.14221218961626
,,,,,,,,,
Turrubares,4133.0,48.173239777401406,46.31018630534721,3.867403314917127,51.8267602225986,1.7684580612757408,33.01985370950889,12.852664576802509,54.12748171368861
,,,,,,,,,
San Pablo         ,1027.0,46.34858812074002,45.08276533592989,2.73109243697479,53.65141187925998,1.8508403361344539,15.982721382289416,15.766738660907128,68.25053995680346
San Pedro         ,520.0,48.84615384615385,47.30769230769231,3.149606299212598,51.153846153846146,1.5433070866141732,25.609756097560975,17.88617886178862,56.50406504065041
San Juan de Mata  ,885.0,50.282485875706215,46.55367231638418,7.415730337078652,49.717514124293785,1.6561797752808989,31.06796116504854,14.320388349514563,54.61165048543689
San Luis          ,397.0,43.57682619647355,42.0654911838791,3.4682080924855487,56.42317380352645,1.9884393063583814,47.90419161676647,8.383233532934131,43.712574850299404
Carara,1304.0,49.309815950920246,48.00613496932515,2.6438569206842923,50.690184049079754,1.8149300155520995,45.846645367412144,8.945686900958465,45.20766773162939
,,,,,,,,,
Dota,5164.0,51.21998450813323,50.29047250193648,1.8147448015122871,48.78001549186677,1.626843100189036,45.43704274162495,10.39661147477859,44.166345783596455
,,,,,,,,,
Santa María       ,3461.0,49.581045940479626,48.28084368679572,2.6223776223776225,50.418954059520374,1.692890442890443,34.41053261520048,11.490125673249551,54.099341711549975
Jardín            ,386.0,53.8860103626943,53.8860103626943,-,46.1139896373057,1.5192307692307692,50.96153846153846,14.423076923076922,34.61538461538461
Copey            ,1317.0,54.745634016704635,54.51784358390282,0.4160887656033287,45.25436598329537,1.5006934812760055,69.49860724233984,6.685236768802229,23.81615598885794
,,,,,,,,,
Curridabat,51916.0,58.85083596579089,57.08259496109099,3.0046149314306287,41.14916403420911,1.134193041599843,1.370001687194196,17.435464822001013,81.19453349080479
,,,,,,,,,
Curridabat        ,24057.0,57.92492829529866,56.2829945545995,2.834589163975601,42.07507170470134,1.0679583781844277,1.2333825701624814,14.571639586410633,84.19497784342688
Granadilla        ,11665.0,59.95713673381912,58.10544363480498,3.08836145267372,40.04286326618088,1.1129539605376038,1.5048686928297432,18.250221304219533,80.24491000295072
Sánchez           ,4367.0,64.32333409663384,63.31577742157087,1.5663937344250625,35.67666590336616,0.9095763616945532,2.857142857142857,12.224231464737793,84.91862567811935
Tirrases          ,11827.0,57.62238944787351,55.3986640737296,3.8591342626559064,42.37761055212649,1.3840058694057227,0.8852258852258852,24.71001221001221,74.40476190476191
,,,,,,,,,
Pérez Zeledón,98186.0,48.02517670543662,46.39256105758459,3.3994995122365013,51.97482329456338,1.8530771514611697,26.594366753748545,13.213760400430285,60.19187284582117
,,,,,,,,,
San Isidro de El General,33748.0,51.271186440677965,49.321441270593816,3.8028087614864474,48.728813559322035,1.6196035369589088,9.678582156803845,14.010213277260439,76.31120456593572
El General        ,4651.0,45.47409159320576,43.68952913351967,3.92434988179669,54.52590840679423,2.013238770685579,32.57874015748031,15.354330708661418,52.06692913385827
Daniel Flores     ,24565.0,49.281498066354565,47.48219010787706,3.6510821080455975,50.718501933645435,1.7702792003964976,10.536694101508916,16.006515775034295,73.4567901234568
Rivas            ,4852.0,47.40313272877164,46.10469909315746,2.7391304347826084,52.59686727122836,1.8656521739130434,53.196244970943226,8.89584264640143,37.90791238265534
San Pedro         ,6317.0,42.187747348424885,40.76302042108596,3.377110694183865,57.812252651575115,2.4153846153846152,61.980582524271846,7.689320388349515,30.330097087378643
Platanares        ,5175.0,44.34782608695652,43.42028985507246,2.091503267973856,55.65217391304348,2.138562091503268,51.4018691588785,12.950600801068092,35.647530040053404
Pejibaye          ,5749.0,44.05983649330318,43.52061228039659,1.2238452427951048,55.94016350669682,2.1563363600473746,67.42605915267785,7.274180655475619,25.29976019184652
Cajón  ,6007.0,41.40169801897786,39.370734143499256,4.905508644953759,58.59830198102214,2.434660233212706,54.5877378435518,9.429175475687103,35.9830866807611
Barú             ,1755.0,47.74928774928775,46.38176638176638,2.863961813842482,52.25071225071225,1.8556085918854415,42.01474201474201,15.724815724815725,42.26044226044226
Río Nuevo         ,2166.0,46.07571560480147,45.660203139427516,0.9018036072144289,53.92428439519852,2.067134268537074,59.85844287158746,10.212335692618806,29.92922143579373
Páramo            ,3201.0,47.297719462667914,46.26679162761637,2.179656538969617,52.70228053733208,1.9128137384412154,51.2491559756921,12.559081701553005,36.1917623227549
,,,,,,,,,
León Cortés Castro,9084.0,47.17084984588287,46.0259797446059,2.427071178529755,52.82915015411713,1.8471411901983663,51.61444630471179,11.00215259507295,37.38340110021526
,,,,,,,,,
San Pablo         ,3123.0,47.67851424911944,46.30163304514889,2.887844190732035,52.321485750880555,1.8267293485560778,31.535269709543567,11.618257261410788,56.84647302904564
San Andrés        ,1174.0,46.08177172061329,44.804088586030666,2.7726432532347505,53.91822827938672,1.9168207024029575,63.49809885931559,4.3726235741444865,32.129277566539926
Llano Bonito      ,1552.0,44.26546391752577,43.170103092783506,2.4745269286754,55.73453608247423,2.0727802037845704,71.7910447761194,5.074626865671641,23.134328358208954
San Isidro        ,1123.0,44.52359750667854,42.742653606411395,4,55.476402493321466,2.062,63.74999999999999,7.708333333333334,28.541666666666664
Santa Cruz        ,1271.0,51.927616050354054,51.691581431943355,0.45454545454545453,48.072383949645946,1.5227272727272727,49.77168949771689,26.48401826484018,23.74429223744292
San Antonio       ,841.0,48.51367419738406,47.80023781212842,1.4705882352941175,51.48632580261593,1.7107843137254901,63.18407960199005,5.970149253731343,30.845771144278604
,,,,,,,,,
Alajuela,632572.0,52.886627925358695,51.273847087762334,3.0495058975447322,47.113372074641305,1.5352148882365952,17.340231359297537,21.113385787928866,61.5463828527736
,,,,,,,,,
Alajuela,195003.0,55.81760280611068,53.855068896375954,3.5159767010271388,44.18239719388932,1.3417121437627473,5.847513307115855,26.77801159790133,67.37447509498281
,,,,,,,,,
Alajuela          ,34485.0,55.08481948673336,53.376830506017114,3.1006527690040007,44.91518051326664,1.2623183828174354,1.5537567229858207,20.943119465420764,77.50312381159341
San José          ,32052.0,56.670410582802944,54.689254960688885,3.4959260074873377,43.329589417197056,1.2933274609116934,1.9567573734953505,25.48348451138114,72.5597581151235
Carrizal          ,5077.0,57.041559976364,54.89462280874532,3.7638121546961325,42.95844002363601,1.367403314917127,14.854682454251883,21.67204879799067,63.47326874775745
San Antonio       ,19002.0,57.23081780865172,55.05736238290706,3.7977011494252872,42.76918219134828,1.296183908045977,3.173389409290767,34.21907857006308,62.60753202064615
Guácima           ,14959.0,55.7323350491343,54.101209973928746,2.926712246611491,44.2676649508657,1.4208948062852345,8.562955640677128,34.23946620536265,57.197578153960215
San Isidro        ,12938.0,54.923481218117175,52.67429278095533,4.0951308753166344,45.076518781882825,1.4337179848015762,13.38224504768892,22.289068231841526,64.32868672046955
Sabanilla         ,6557.0,53.2865639774287,51.74622540796096,2.8906697195191757,46.7134360225713,1.5927303949627933,29.059829059829063,20.277040966696138,50.663129973474796
San Rafael        ,20137.0,56.47315886179669,53.70214033868004,4.906788603587759,43.52684113820331,1.3081252198381992,4.447937858331792,36.52672461623821,59.02533752543
Río Segundo       ,8382.0,56.26342161775233,54.15175375805297,3.753180661577608,43.73657838224768,1.2888040712468194,1.784534038334435,25.732540207094072,72.4829257545715
Desamparados      ,19768.0,57.14285714285714,55.02832861189801,3.7004249291784705,42.857142857142854,1.311349150141643,2.6935098363669794,24.765581908439053,72.54090825519397
Turrúcares        ,5772.0,52.650727650727646,51.42065142065142,2.336294833826917,47.34927234927235,1.5106943073379402,13.915094339622641,20.5188679245283,65.56603773584906
Tambor            ,8180.0,53.45965770171149,52.004889975550114,2.7212439972558884,46.54034229828851,1.5136062199862794,8.909261871180066,29.29007992477668,61.80065820404326
Garita          ,5619.0,55.31233315536572,53.710624666310736,2.8957528957528957,44.68766684463428,1.3413770913770913,9.840954274353876,22.133863485752155,68.02518223989397
Sarapiquí         ,2075.0,51.75903614457832,51.18072289156627,1.1173184357541899,48.24096385542169,1.6461824953445066,21.75141242937853,28.53107344632768,49.717514124293785
,,,,,,,,,
San Ramón,61084.0,51.047737541745796,49.54816318512213,2.937592200628568,48.95226245825421,1.583734205631454,16.86380757285403,17.788938082336617,65.34725434480936
,,,,,,,,,
San Ramón         ,7220.0,50.96952908587258,49.69529085872576,2.5,49.03047091412742,1.36875,2.6477146042363433,14.269788182831661,83.082497212932
Santiago          ,3340.0,52.84431137724551,51.25748502994012,3.002832861189802,47.1556886227545,1.5694050991501416,23.656542056074766,19.976635514018692,56.366822429906534
San Juan          ,8957.0,50.898738416880654,48.96728815451602,3.794691818381224,49.101261583119346,1.565255538495284,5.5631554947560415,20.79343365253078,73.64341085271317
Piedades Norte    ,6213.0,49.84709480122324,48.70432963141799,2.292541168873103,50.15290519877675,1.6306102680012915,15.598149372108395,17.746199603436878,66.65565102445473
Piedades Sur      ,2844.0,48.24191279887483,47.53867791842475,1.4577259475218658,51.75808720112518,1.7244897959183674,47.0414201183432,15.828402366863905,37.1301775147929
San Rafael        ,7256.0,51.43329658213892,49.87596471885336,3.0278670953912115,48.56670341786108,1.497588424437299,12.075158883669522,17.187068250898037,70.73777286543243
San Isidro        ,3388.0,50.82644628099173,50.08854781582054,1.4518002322880372,49.17355371900827,1.6004645760743321,10.253388332351209,22.863877430760166,66.88273423688862
Ángeles           ,6180.0,49.40129449838187,47.45954692556634,3.930560104814936,50.59870550161813,1.7841467409105798,24.684623252642346,16.467780429594274,58.84759631776338
Alfaro            ,5472.0,50.98684210526315,49.68932748538012,2.5448028673835124,49.01315789473684,1.5580645161290323,9.452004413387275,19.713129827142332,70.83486575947039
Volio            ,1731.0,53.7261698440208,51.70421721548239,3.763440860215054,46.2738301559792,1.4408602150537635,24.804469273743017,20.893854748603353,54.30167597765363
Concepción        ,1787.0,46.894236149972016,45.27140458869614,3.4606205250596656,53.10576385002798,1.801909307875895,32.26205191594561,18.541409147095177,49.196538936959215
Zapotal           ,300.0,57.333333333333336,56.99999999999999,0.5813953488372093,42.66666666666667,1.2732558139534884,69.00584795321637,19.298245614035086,11.695906432748536
Peñas Blancas ,6396.0,54.283927454659164,52.51719824890556,3.2546082949308754,45.716072545340836,1.6754032258064515,31.527240250074428,13.932718070854422,54.54004167907115
,,,,,,,,,
Grecia,58182.0,53.76748822659929,52.22921178371318,2.860978806380462,46.23251177340071,1.4581402039446345,15.887850467289718,25.33894958536264,58.773199947347635
,,,,,,,,,
Grecia            ,12069.0,55.32355621841081,53.80727483635761,2.740751834656283,44.6764437815892,1.2254006290250112,2.6331998768093627,22.944256236526023,74.42254388666461
San Isidro        ,4591.0,53.1256806795905,51.492049662382925,3.075030750307503,46.8743193204095,1.4391143911439115,11.844331641285956,29.145516074450086,59.01015228426396
San José          ,6064.0,53.71042216358839,52.490105540897105,2.2720294749769727,46.28957783641161,1.486951182069389,13.06943135406849,26.955702167766262,59.974866478165254
San Roque         ,8512.0,53.34821428571429,52.05592105263158,2.422373926447919,46.651785714285715,1.451442413565294,8.147145113969758,26.675693974272175,65.17716091175807
Tacares           ,6013.0,54.36554132712457,52.91867620156327,2.6613643315998776,45.63445867287544,1.4359131232792903,24.70144563167819,21.62162162162162,53.67693274670019
Río Cuarto        ,7521.0,54.00877542879936,52.47972344103178,2.8311176760216643,45.99122457120064,1.7262432299359922,51.15277425893083,12.946541677223209,35.90068406384596
Puente de Piedra  ,7920.0,52.61363636363636,50.71969696969697,3.599712023038157,47.38636363636364,1.533237341012719,9.733632063729152,36.445108289768484,53.82125964650236
Bolívar           ,5492.0,52.27603787327021,50.43699927166788,3.5179380006966214,47.72396212672979,1.5304771856495993,14.584837545126353,29.530685920577614,55.88447653429603
,,,,,,,,,
San Mateo,4719.0,44.73405382496291,43.73808010171646,2.226432970156324,55.26594617503709,1.906679298910469,31.928294573643413,10.174418604651162,57.89728682170543
,,,,,,,,,
San Mateo         ,2103.0,47.12315739419876,46.26723728007608,1.8163471241170535,52.87684260580123,1.7164480322906155,20.76053442959918,9.249743062692703,69.98972250770812
Desmonte          ,812.0,42.11822660098522,41.6256157635468,1.1695906432748537,57.88177339901478,2.06140350877193,40.828402366863905,13.609467455621301,45.562130177514796
Jesús María       ,1804.0,43.12638580931264,41.74057649667406,3.2133676092544987,56.87361419068736,2.0809768637532136,42.363877822045154,9.827357237715804,47.808764940239044
,,,,,,,,,
Atenas,20006.0,50.73977806658002,49.660101969409176,2.1278691754506944,49.26022193341997,1.5081272781006798,12.80322093608455,20.060392551585306,67.13638651233015
,,,,,,,,,
Atenas            ,6113.0,52.396531981024054,51.23507279568133,2.216671870121761,47.60346801897595,1.3559163284420856,5.172413793103448,15.836526181353769,78.99106002554278
Jesús            ,2834.0,52.081863091037405,50.77628793225123,2.5067750677506777,47.9181369089626,1.4600271002710028,14.454482279360667,20.778318276580958,64.76719944405838
Mercedes          ,2427.0,51.29789864029666,50.02060156571899,2.4899598393574296,48.702101359703335,1.5116465863453816,11.449752883031302,22.240527182866558,66.30971993410213
San Isidro        ,2155.0,48.49187935034803,47.70301624129931,1.6267942583732056,51.508120649651964,1.691866028708134,29.474708171206228,20.330739299610894,50.19455252918288
Concepción        ,2732.0,47.657393850658856,46.96193265007321,1.4592933947772657,52.342606149341144,1.6674347158218126,7.872174590802807,24.0062353858145,68.1215900233827
San José          ,1499.0,50.567044696464315,49.43295530353569,2.242744063324538,49.43295530353569,1.5593667546174141,19.163292847503374,19.568151147098515,61.26855600539811
Santa Eulalia     ,1588.0,53.5264483627204,52.51889168765743,1.8823529411764703,46.4735516372796,1.4494117647058824,21.223021582733814,21.34292565947242,57.434052757793765
Escobal,658.0,41.33738601823708,40.121580547112465,2.941176470588235,58.662613981762924,2.1176470588235294,15.151515151515152,33.33333333333333,51.515151515151516
,,,,,,,,,
Naranjo,32302.0,50.74298805027553,49.34988545600892,2.7454090659508266,49.25701194972448,1.6058812763101702,17.150743366162725,25.299542061351232,57.549714572486046
,,,,,,,,,
Naranjo           ,12353.0,50.8945195499069,49.380717234679835,2.9743916017178305,49.1054804500931,1.5347542548115158,8.721311475409836,24.950819672131146,66.32786885245902
San Miguel        ,3375.0,52.23703703703704,51.22962962962963,1.9285309132161088,47.76296296296296,1.6415201361315939,14.34355118565645,32.79352226720648,52.862926547137064
San José          ,2415.0,49.39958592132505,48.32298136645963,2.179379715004191,50.60041407867495,1.6504610226320202,37.18937446443873,16.62382176520994,46.186803770351325
Cirrí Sur         ,3430.0,50.932944606414,49.91253644314869,2.003434459072696,49.06705539358601,1.6056096164854035,26.51869158878505,22.488317757009348,50.992990654205606
San Jerónimo      ,2388.0,49.120603015075375,47.19430485762144,3.9215686274509802,50.87939698492462,1.7826086956521738,21.91659272404614,26.353149955634425,51.73025732031943
San Juan          ,2356.0,53.3955857385399,51.44312393887945,3.6565977742448332,46.6044142614601,1.4753577106518283,22.854785478547853,20.792079207920793,56.353135313531354
El Rosario        ,2716.0,51.62002945508101,50.51546391752577,2.1398002853067046,48.379970544919,1.6797432239657633,16.3265306122449,34.40233236151604,49.27113702623907
Palmitos,3269.0,47.96573875802998,46.55858060568981,2.933673469387755,52.03426124197003,1.7238520408163265,20.893561103810775,22.601839684625492,56.504599211563736
,,,,,,,,,
Palmares,27032.0,51.74977804084049,50.11467889908256,3.1596254199728357,48.25022195915952,1.4816641647008364,9.44858640289363,23.79862700228833,66.75278659481803
,,,,,,,,,
Palmares          ,2986.0,50.535833891493645,49.296718017414605,2.4519549370444005,49.46416610850636,1.3850231941683233,4.076086956521739,19.565217391304348,76.3586956521739
Zaragoza          ,6444.0,51.28801986343886,49.64307883302297,3.207261724659607,48.711980136561145,1.486838124054463,11.003438574554549,21.31916223819944,67.67739918724601
Buenos Aires      ,5897.0,53.46786501610988,51.907749703238935,2.9178560101490647,46.53213498389011,1.3764668569616239,6.860503103560927,23.45638680169879,69.68311009474029
Santiago          ,2145.0,48.85780885780886,47.645687645687644,2.480916030534351,51.14219114219114,1.6116412213740459,21.135029354207436,23.18982387475538,55.675146771037184
Candelaria        ,1509.0,52.22001325381047,49.76805831676607,4.695431472081219,47.77998674618953,1.4885786802030456,17.310252996005325,23.169107856191744,59.52063914780293
Esquipulas        ,4867.0,52.86624203821656,51.05814670228067,3.4201321414691024,47.13375796178344,1.560435289545278,9.617706237424548,29.21529175050302,61.16700201207244
La Granja         ,3184.0,50.65954773869347,48.90075376884422,3.47179169249845,49.34045226130653,1.5536267823930565,4.688503532434169,25.626204238921,69.68529222864484
,,,,,,,,,
Poás,21926.0,53.14694882787558,51.24509714494208,3.5784776452415685,46.85305117212442,1.5057066849738265,16.94553221787113,24.33250266998932,58.72196511213955
,,,,,,,,,
San Pedro         ,5851.0,53.25585370022219,51.153648948897626,3.9473684210526314,46.74414629977782,1.4242618741976893,11.393250918810557,22.05145339124624,66.55529568994321
San Juan          ,3499.0,53.24378393826807,51.75764504144041,2.791196994095545,46.75621606173193,1.4895330112721417,21.31419105466593,21.70071783545003,56.985091109884046
San Rafael        ,4104.0,53.92300194931774,52.046783625730995,3.4794396746497966,46.07699805068226,1.456394035246272,23.735955056179776,24.20411985018727,52.05992509363296
Carrillos         ,6808.0,52.84958871915394,50.91069330199765,3.6687048360200114,47.15041128084606,1.5647581989994441,6.462781304096941,30.58280438545874,62.95441431044432
Sabana Redonda    ,1664.0,51.862980769230774,49.87980769230769,3.8238702201622248,48.137019230769226,1.7149478563151797,53.73493975903615,12.530120481927712,33.734939759036145
,,,,,,,,,
Orotina,15137.0,48.21298804254476,46.8917222699346,2.740476842970677,51.78701195745524,1.7872019731433268,9.861932938856016,15.624119470273317,74.51394759087067
,,,,,,,,,
Orotina           ,7409.0,50.95154541773519,49.763800782831694,2.3311258278145695,49.04845458226481,1.56,6.292378627610523,13.045836723623541,80.66178464876593
El Mastate        ,1346.0,47.17682020802377,45.46805349182764,3.622047244094488,52.82317979197623,1.867716535433071,5.555555555555555,19.11764705882353,75.32679738562092
Hacienda Vieja    ,813.0,51.90651906519065,50.79950799507995,2.132701421800948,48.09348093480935,1.4218009478672986,16.222760290556902,13.317191283292978,70.46004842615012
Coyolar           ,4188.0,44.55587392550143,43.075453677172874,3.322615219721329,55.44412607449857,2.1682743837084675,13.19290465631929,17.405764966740577,69.40133037694012
La Ceiba          ,1381.0,43.44677769732078,42.14337436640116,3,56.55322230267922,2.203333333333333,22.164948453608247,24.398625429553263,53.43642611683849
,,,,,,,,,
San Carlos,116816.0,54.17151760032872,52.67429119298727,2.7638627708158845,45.82848239967128,1.5875855312020986,26.074237794968468,14.886563089124358,59.039199115907174
,,,,,,,,,
Quesada           ,31319.0,57.000542801494305,55.592451866279255,2.470311449697513,42.999457198505695,1.3560385390992606,5.657343058985698,16.357475159382002,77.9851817816323
Florencia         ,11116.0,50.962576466354804,49.76610291471752,2.3477493380406003,49.037423533645196,1.6741394527802296,20.44468546637744,17.80549530007231,61.749819233550255
Buenavista        ,222.0,52.702702702702695,52.25225225225225,0.8547008547008548,47.2972972972973,1.7777777777777777,62.06896551724138,18.103448275862068,19.82758620689655
Aguas Zarcas      ,14116.0,53.66251062623972,51.84896571266647,3.379537953795379,46.33748937376027,1.671815181518152,24.825795873753247,16.40934553900806,58.76485858723869
Venecia           ,6754.0,53.12407462244596,51.43618596387326,3.177257525083612,46.87592537755404,1.6861761426978819,25.100748416810593,15.22740356937248,59.67184801381693
Pital            ,12124.0,56.27680633454305,54.84988452655889,2.5355415506375496,43.72319366545695,1.538179686354976,52.27067669172932,10.075187969924812,37.65413533834586
La Fortuna        ,10769.0,62.327049865354255,60.776302349336056,2.4880810488677,37.672950134645745,1.291865315852205,17.463712757830404,10.236822001527884,72.29946524064171
La Tigra          ,4540.0,48.83259911894273,47.709251101321584,2.3004059539918806,51.16740088105727,1.8750563824988724,43.67497691597414,9.32594644506002,46.99907663896584
La Palmera        ,4663.0,47.716062620630495,46.08621059403817,3.415730337078652,52.283937379369505,1.8408988764044945,22.80130293159609,24.569567240577012,52.629129827826894
Venado            ,1266.0,54.976303317535546,53.396524486571884,2.8735632183908044,45.023696682464454,1.5201149425287357,48.22485207100592,17.307692307692307,34.467455621301774
Cutris            ,6974.0,51.10410094637224,49.082305706911384,3.9562289562289563,48.89589905362776,1.8995510662177328,58.31142272860065,12.416009348524685,29.27256792287467
Monterrey         ,2482.0,53.102336825141016,52.01450443190975,2.04855842185129,46.897663174858984,1.6213960546282247,38.41982958946553,16.963594113090625,44.61657629744384
Pocosol           ,10471.0,47.07286792092446,45.64989017285837,3.0229255427064317,52.92713207907555,2.1233515926151347,47.99163179916318,15.585774058577407,36.42259414225941
,,,,,,,,,
Zarcero,9249.0,54.81673694453455,54.31938587955455,0.9072978303747534,45.18326305546545,1.4072978303747534,39.60987261146497,15.744426751592359,44.64570063694268
,,,,,,,,,
Zarcero           ,3151.0,50.714059028879724,50.39669946048873,0.6257822277847309,49.285940971120276,1.5056320400500627,21.03274559193955,17.2544080604534,61.712846347607055
Laguna            ,1287.0,58.27505827505828,57.57575757575758,1.2,41.72494172494173,1.232,31.17408906882591,21.052631578947366,47.77327935222672
Tapesco           ,952.0,59.55882352941176,59.03361344537815,0.8818342151675485,40.44117647058824,1.3015873015873016,43.06049822064057,10.85409252669039,46.08540925266904
Guadalupe         ,853.0,52.989449003516995,52.05158264947245,1.7699115044247788,47.010550996483005,1.5398230088495575,45.27027027027027,18.46846846846847,36.26126126126126
Palmira           ,997.0,59.27783350050151,58.876629889669005,0.676818950930626,40.7221664994985,1.257191201353638,71.03918228279386,9.710391822827939,19.250425894378196
Zapote            ,535.0,54.76635514018692,54.20560747663551,1.023890784982935,45.23364485981308,1.522184300341297,61.37931034482759,7.586206896551724,31.03448275862069
Brisas          ,1474.0,55.563093622795115,55.08819538670286,0.8547008547008548,44.436906377204885,1.4432234432234432,47.66009852216749,17.118226600985224,35.221674876847295
,,,,,,,,,
Valverde Vega,13645.0,50.765848296079156,49.19750824477831,3.0893604735094558,49.234151703920844,1.6107983253933882,17.05645761954417,26.247579323700283,56.69596305675555
,,,,,,,,,
Sarchí Norte      ,5406.0,50.59193488716242,49.40806511283759,2.340036563071298,49.40806511283759,1.6106032906764167,14.189442156495694,25.683264694870832,60.12729314863348
Sarchí Sur        ,3915.0,52.10727969348659,50.242656449553,3.5784313725490193,47.89272030651341,1.521078431372549,8.845958312150483,31.26588713777326,59.88815455007626
Toro Amarillo     ,209.0,61.24401913875598,58.85167464114832,3.90625,38.75598086124402,1.1328125,30.89430894308943,9.75609756097561,59.34959349593496
San Pedro         ,2554.0,48.43382928739233,47.22004698512138,2.506063055780113,51.56617071260767,1.7550525464834277,28.855721393034827,23.217247097844112,47.92703150912106
Rodríguez         ,1561.0,50.416399743754006,47.78987828315183,5.209656925031767,49.583600256245994,1.6950444726810674,27.61394101876676,22.654155495978554,49.73190348525469
,,,,,,,,,
Upala,30304.0,44.92146251319958,43.796198521647305,2.504958495555719,55.07853748680043,2.228751928303827,45.08740204942737,8.943640747438215,45.96895720313442
,,,,,,,,,
Upala            ,11221.0,48.99741556011051,47.59825327510917,2.8555838486722442,51.002584439889496,1.9354310658421243,31.716906946264743,9.47388129563752,58.80921175809773
Aguas Claras      ,3497.0,44.03774663997712,42.52216185301687,3.4415584415584415,55.96225336002287,2.2071428571428573,46.13315400134499,9.41492938802959,44.45191661062542
San José o Pizote ,4944.0,40.85760517799353,40.16990291262136,1.6831683168316833,59.14239482200647,2.6396039603960397,62.38670694864048,4.984894259818732,32.62839879154079
Bijagua           ,3308.0,46.6142684401451,45.76783555018138,1.8158236057068744,53.3857315598549,1.9429312581063554,39.63011889035667,12.15323645970938,48.21664464993395
Delicias          ,2993.0,43.200801871032404,42.66622118275977,1.237432327919567,56.79919812896759,2.4671307037896364,58.96632732967893,7.126076742364917,33.907595927956145
Dos Ríos          ,2095.0,39.618138424821005,38.233890214797135,3.493975903614458,60.381861575178995,2.8481927710843373,62.172284644194754,10.611735330836455,27.21598002496879
Yolillal          ,2246.0,39.626001780943895,38.557435440783614,2.696629213483146,60.373998219056105,2.7168539325842698,59.353348729792145,9.468822170900692,31.177829099307157
,,,,,,,,,
Los Chiles,16195.0,47.48379129360914,45.66224143254091,3.836150845253576,52.51620870639086,2.086475942782835,54.563894523326574,7.910750507099391,37.52535496957404
,,,,,,,,,
Los Chiles        ,8858.0,48.667870851207944,46.297132535561076,4.871259568545581,51.33212914879205,2.0763163999072143,46.91538649109973,7.778590587661546,45.30602292123872
Caño Negro        ,1299.0,42.87913779830639,42.725173210161664,0.3590664272890485,57.12086220169361,2.245960502692998,61.08108108108108,6.846846846846846,32.072072072072075
El Amparo         ,4133.0,47.15702879264457,46.04403580933946,2.3601847101077476,52.842971207355426,2.0743971267316574,62.007356805044665,9.458749343142408,28.533893851812923
San Jorge         ,1905.0,45.82677165354331,43.884514435695536,4.238258877434135,54.17322834645669,2.0618556701030926,70.81339712918661,5.741626794258373,23.444976076555022
,,,,,,,,,
Guatuso,10972.0,46.12650382792563,44.78672985781991,2.904564315352697,53.873496172074375,2.064216557992492,49.287749287749286,9.89010989010989,40.822140822140824
,,,,,,,,,
San Rafael        ,5550.0,46.828828828828826,45.00900900900901,3.886110042323971,53.171171171171174,2.055405925355906,37.59007205764612,11.64931945556445,50.76060848678943
Buenavista        ,1136.0,41.725352112676056,41.109154929577464,1.4767932489451476,58.27464788732394,2.318565400843882,69.37901498929337,6.209850107066381,24.411134903640257
Cote             ,646.0,40.71207430340557,39.78328173374613,2.2813688212927756,59.28792569659442,2.296577946768061,53.69649805447471,15.56420233463035,30.739299610894943
Katira,3640.0,47.39010989010989,46.48351648351648,1.9130434782608694,52.60989010989011,1.9721739130434783,60.34278959810875,7.446808510638298,32.21040189125296
,,,,,,,,,
Cartago,372280.0,53.4401525733319,51.72961211990974,3.200852488351169,46.5598474266681,1.4675064213081876,13.17225658041635,21.445225076462126,65.38251834312152
,,,,,,,,,
Cartago,113972.0,53.170954269469696,51.439827326009905,3.2557755775577553,46.829045730530304,1.4405610561056106,10.218841148276391,23.24185102427209,66.53930782745151
,,,,,,,,,
Oriental          ,10401.0,49.35102394000577,47.81271031631574,3.1170855250340934,50.64897605999423,1.3822326125073057,2.553790468530062,15.52382867484416,81.92238085662578
Occidental        ,8363.0,52.01482721511419,50.6755948822193,2.574712643678161,47.985172784885805,1.2760919540229885,1.9820670127418596,16.941953751769702,81.07597923548843
Carmen          ,13726.0,53.73743260964593,52.10549322453737,3.036876355748373,46.26256739035407,1.3623915401301518,3.6772930648769577,23.671700223713646,72.6510067114094
San Nicolás       ,19353.0,53.02020358600734,51.02051361546014,3.771562225903908,46.979796413992666,1.528798362732677,4.202957261494835,27.830666396597124,67.96637634190805
Aguacaliente o San Francisco,23815.0,54.59164392189796,52.349359647281126,4.1073763556649485,45.40835607810204,1.4451196061841396,4.54800673778776,27.544718055666962,67.90727520654528
Guadalupe o Arenilla,11259.0,53.45057287503331,51.727506883382176,3.22366234629445,46.54942712496669,1.429046194749086,3.6744505494505497,27.953296703296704,68.37225274725274
Corralillo        ,8210.0,50.657734470158346,49.476248477466505,2.332291416205819,49.342265529841654,1.5599903823034382,31.757754800590842,17.40521910388971,50.83702609551944
Tierra Blanca     ,3794.0,51.396942540853985,50.79072219293621,1.1794871794871795,48.60305745914602,1.616923076923077,53.4509600415153,14.218993253762324,32.33004670472236
Dulce Nombre      ,7958.0,56.55943704448354,54.92586076903745,2.888247056209731,43.44056295551646,1.3434792268384803,8.236101578586135,21.61976664378861,70.14413177762526
Llano Grande      ,3219.0,57.65765765765766,56.943150046598326,1.2392241379310345,42.34234234234234,1.3394396551724137,64.48445171849427,8.51063829787234,27.00490998363339
Quebradilla       ,3874.0,51.497160557563234,49.199793495095506,4.461152882205513,48.50283944243676,1.681203007518797,24.081846799580273,28.908709338929693,47.00944386149003
,,,,,,,,,
Paraíso,43318.0,51.46821182880096,49.57523431368023,3.677954698362862,48.53178817119904,1.5899529042386185,16.568102444703143,22.82188591385332,60.61001164144354
,,,,,,,,,
Paraíso           ,16085.0,53.36649051911719,51.47031395710289,3.5531220876048466,46.633509480882815,1.3999301025163093,10.689696823287836,21.608889962555864,67.7014132141563
Santiago          ,4012.0,51.99401794616152,50.62313060817547,2.636625119846596,48.00598205383849,1.6529242569511027,51.698670605612996,13.195470211718366,35.10585918266864
Orosi            ,6861.0,47.252587086430545,45.85337414371083,2.961135101789019,52.74741291356945,1.8019740900678594,19.89828353464717,19.26255562619199,60.83916083916085
Cachí            ,4145.0,48.22677925211098,46.44149577804584,3.701850925462731,51.77322074788903,1.720360180090045,28.363636363636363,16.415584415584416,55.22077922077923
Llanos de Santa Lucía,12215.0,52.26361031518625,49.889480147359805,4.542606516290727,47.73638968481375,1.6763784461152882,7.400722021660649,31.539218903839846,61.060059074499506
,,,,,,,,,
La Unión,75029.0,59.2637513494782,57.25252902211145,3.393680422804453,40.7362486505218,1.235443607331609,1.8670267250209518,20.039109786758544,78.0938634882205
,,,,,,,,,
Tres Ríos         ,7778.0,55.83697608639753,54.3455901259964,2.670964770895694,44.163023913602466,1.1485148514851484,0.8989827300686065,15.188076650106458,83.91294061982494
San Diego         ,16258.0,60.41333497355148,58.045270020912774,3.9197719405416414,39.58666502644852,1.2011810221950723,1.2715905478435943,21.203772385291934,77.52463706686447
San Juan          ,10699.0,65.81923544256473,64.06206187494158,2.669696109059926,34.180764557435275,0.9495881851746663,1.0213014298220018,13.087248322147651,85.89145024803034
San Rafael        ,10598.0,58.04868843177958,55.89733912058878,3.7061118335500653,41.95131156822042,1.3158322496749024,1.9750168804861579,21.84334908845375,76.1816340310601
Concepción        ,12376.0,59.10633484162896,56.981254040077566,3.595352016404648,40.89366515837104,1.2576896787423104,2.7226318774815654,20.788428814520703,76.48893930799773
Dulce Nombre      ,5664.0,56.92090395480226,54.7316384180791,3.8461538461538463,43.07909604519774,1.4482009925558312,4.0,23.70967741935484,72.29032258064517
San Ramón         ,3209.0,57.55687129947024,56.55967591149891,1.7325392528424473,42.44312870052976,1.1949106659447752,3.0303030303030303,15.261707988980715,81.70798898071625
Río Azul          ,8447.0,55.87782644725938,53.8297620456967,3.6652542372881354,44.12217355274062,1.5444915254237288,1.8913569386408622,28.502309214866944,69.60633384649219
,,,,,,,,,
Jiménez,11173.0,47.05092634028462,45.75315492705629,2.7582271257371125,52.94907365971538,1.7903747384439794,32.68779342723005,16.392801251956183,50.91940532081377
,,,,,,,,,
Juan Viñas        ,5138.0,50.350330868042036,49.182561307901906,2.3192887514495557,49.649669131957964,1.5326633165829147,30.945785516422635,18.95528294420261,50.09893153937476
Tucurrique        ,3549.0,44.43505212735982,42.88531980839673,3.487634749524413,55.56494787264018,2.089410272669626,36.465177398160314,15.045992115637318,48.48883048620237
Pejibaye          ,2486.0,43.966210780370076,42.759452936444085,2.7447392497712717,56.033789219629924,1.9688929551692589,31.420507996237063,12.229539040451552,56.34995296331138
,,,,,,,,,
Turrialba,52690.0,47.47959764661226,46.05997342949326,2.9899668225606586,52.52040235338774,1.782747731542551,21.84267996209156,16.873377559850013,61.28394247805843
,,,,,,,,,
Turrialba         ,20963.0,49.487191718742544,48.13242379430425,2.7376132639290534,50.51280828125745,1.571814150761519,8.602576808721507,15.609514370664023,75.78790882061448
La Suiza          ,5833.0,45.36259214812275,43.44248242756729,4.232804232804233,54.63740785187725,1.8684807256235827,23.441199684293608,15.943172849250198,60.6156274664562
Peralta           ,383.0,45.95300261096606,44.90861618798956,2.272727272727273,54.04699738903395,1.9034090909090908,57.55813953488372,16.27906976744186,26.16279069767442
Santa Cruz        ,2438.0,50.45118949958983,49.22067268252666,2.4390243902439024,49.54881050041017,1.608130081300813,36.833333333333336,28.416666666666668,34.75
Santa Teresita    ,3569.0,42.28075091061922,41.103950686466796,2.783300198807157,57.719249089380774,2.1438038436050366,45.46693933197001,17.92774369461486,36.60531697341513
Pavones           ,3304.0,47.15496368038741,45.52058111380145,3.465982028241335,52.84503631961259,1.7798459563543003,31.848404255319153,15.093085106382977,53.058510638297875
Tuis             ,2156.0,43.460111317254174,42.06864564007421,3.2017075773745995,56.53988868274582,2.0277481323372464,33.51708930540242,17.971334068357223,48.511576626240355
Tayutic           ,1728.0,44.675925925925924,43.63425925925926,2.33160621761658,55.32407407407407,2.0751295336787563,37.40053050397878,19.49602122015915,43.103448275862064
Santa Rosa        ,4071.0,48.12085482682388,46.966347334807175,2.399183256763655,51.87914517317612,1.670750382848392,15.794979079497908,18.148535564853557,66.05648535564853
Tres Equis        ,1337.0,51.682872101720264,51.084517576664176,1.1577424023154848,48.317127898279736,1.6164978292329957,56.22254758418741,8.784773060029282,34.99267935578331
La Isabel,4610.0,49.04555314533622,47.26681127982646,3.6267138434321096,50.95444685466377,1.7049977885891199,11.977971546581001,22.074346030289124,65.94768242312988
Chirripó,2298.0,39.338555265448214,37.72845953002611,4.092920353982301,60.661444734551786,3.629424778761062,71.39561707035756,6.805074971164937,21.79930795847751
,,,,,,,,,
Alvarado,10696.0,53.038519072550486,52.23448017950636,1.5159527586814736,46.961480927449514,1.5228274281685175,43.493824950778595,14.426346876678004,42.0798281725434
,,,,,,,,,
Pacayas           ,4227.0,52.87437899219305,52.07002602318429,1.5212527964205815,47.125621007806956,1.5181208053691275,52.15810995002271,12.448886869604724,35.39300318037256
Cervantes         ,4609.0,52.89650683445433,51.98524625732263,1.7227235438884332,47.10349316554567,1.5553732567678424,31.84474123539232,17.863105175292155,50.292153589315525
Capellades        ,1860.0,53.76344086021505,53.2258064516129,1,46.236559139784944,1.454,52.42424242424243,10.505050505050505,37.07070707070707
,,,,,,,,,
Oreamuno,34110.0,53.90794488419818,52.41278217531515,2.773547966064825,46.09205511580182,1.472971503154231,20.08054592236268,20.34343886340754,59.576015214229784
,,,,,,,,,
San Rafael        ,20892.0,54.37488033697109,52.484204480183806,3.4771126760563384,45.62511966302891,1.3985915492957746,5.918832649338805,22.325581395348838,71.75558595531236
Cot             ,6853.0,51.64161681015613,50.474244856267326,2.2605255721955353,48.35838318984386,1.7211076575303759,35.96415148886962,20.9887250650477,43.04712344608268
Potrero Cerrado   ,1672.0,51.91387559808612,51.495215311004785,0.8064516129032258,48.08612440191388,1.6278801843317972,52.961672473867594,15.6794425087108,31.3588850174216
Cipreses          ,2734.0,55.96196049743965,55.120702267739574,1.5032679738562091,44.03803950256035,1.4183006535947713,41.406768414067685,15.85932315859323,42.73390842733909
Santa Rosa        ,1959.0,55.69167942827974,55.4364471669219,0.458295142071494,44.308320571720266,1.3959670027497708,56.813996316758754,8.195211786372008,34.99079189686925
,,,,,,,,,
El Guarco,31292.0,55.1323021858622,53.288380416719924,3.3445397635056806,44.8676978141378,1.42250173892882,12.137931034482758,28.7136431784108,59.148425787106454
,,,,,,,,,
El Tejar          ,18976.0,56.787521079258006,54.97470489038786,3.192279138827023,43.212478920741994,1.3184855233853006,4.495782208588957,26.45705521472393,69.04716257668711
San Isidro        ,7222.0,52.589310440321235,50.63694267515923,3.7124802527646126,47.41068955967876,1.5876777251184835,22.914957615531854,31.91140278917145,45.17363959529669
Tobosi            ,4780.0,52.38493723849372,50.77405857740585,3.0750798722044728,47.61506276150628,1.6234025559105432,24.598269468479607,34.81664606510095,40.585084466419445
Patio de Agua     ,314.0,55.4140127388535,50.63694267515923,8.620689655172415,44.5859872611465,1.367816091954023,75.47169811320755,10.062893081761008,14.465408805031446
,,,,,,,,,
Heredia,334474.0,57.258860180462456,55.59325986474285,2.9088953403370996,42.741139819537544,1.2644426575325298,7.280647503293985,20.426470192798945,72.29288230390706
,,,,,,,,,
Heredia,96888.0,58.89893485261333,57.02770208900999,3.177023096064206,41.10106514738667,1.1661935302982511,1.203554558123541,22.952599858831192,75.84384558304527
,,,,,,,,,
Heredia           ,16071.0,53.46275900690684,51.8636052516956,2.9911545623836124,46.53724099309315,1.1760940409683427,0.8638272345530894,15.452909418116375,83.68326334733054
Mercedes          ,20531.0,59.98246553991525,58.25824363158151,2.874543239951279,40.01753446008475,1.090458790093382,1.019981606889056,16.93002257336343,82.04999581974751
San Francisco     ,37385.0,58.99959876955998,56.97472248227899,3.4320170467425304,41.00040123044001,1.2309924287074399,0.7699530516431925,26.384976525821596,72.8450704225352
Ulloa            ,22374.0,61.57593635469741,59.600429069455615,3.208245626769253,38.42406364530258,1.1242650794802933,1.0123734533183353,27.791526059242592,71.19610048743907
Varablanca,527.0,61.66982922201139,61.10056925996204,0.9230769230769231,38.33017077798861,1.1538461538461537,53.41614906832298,13.354037267080745,33.22981366459628
,,,,,,,,,
Barva,31575.0,57.77672209026128,56.4117181314331,2.362550019185441,42.22327790973871,1.228800087704873,3.7951942510666967,19.526162137884572,76.67864361104874
,,,,,,,,,
Barva            ,4063.0,56.19000738370662,55.40241201082944,1.401664476565922,43.80999261629338,1.1887866841874726,0.5775211017325633,16.748111950244336,82.6743669480231
San Pedro         ,7590.0,54.91436100131752,53.37285902503294,2.8071017274472165,45.08563899868248,1.3829174664107486,3.5793631202172307,22.90792396939027,73.5127129103925
San Pablo         ,6409.0,57.06038383523171,55.57809330628803,2.5977577249111294,42.939616164768296,1.2748154224774406,4.154969118472769,21.588994946659177,74.25603593486805
San Roque         ,3599.0,61.18366212836899,60.01667129758266,1.9073569482288828,38.816337871631006,1.0990009082652135,1.0185185185185186,17.083333333333332,81.89814814814815
Santa Lucía       ,5859.0,59.737156511350065,58.38880355009387,2.257142857142857,40.26284348864994,1.118,0.8477053493130663,18.82490499853844,80.3273896521485
San José de la Montaña,4055.0,60.0,58.37237977805179,2.7127003699136867,40.0,1.2100287710645294,13.476975073933248,16.518800168990282,70.00422475707647
,,,,,,,,,
Santo Domingo,32102.0,57.083670799327145,55.4264531804872,2.903137789904502,42.916329200672855,1.1867394270122784,2.534704659135615,18.642162648232453,78.82313269263193
,,,,,,,,,
Santo Domingo     ,4030.0,53.99503722084368,52.307692307692314,3.125,46.00496277915633,1.1737132352941178,1.9924098671726755,12.428842504743832,85.57874762808349
San Vicente       ,5216.0,54.831288343558285,53.45092024539877,2.5174825174825175,45.168711656441715,1.2472027972027973,1.721664275466284,14.167862266857965,84.11047345767575
San Miguel        ,5100.0,57.96078431372549,56.529411764705884,2.469553450608931,42.03921568627451,1.152571041948579,2.878945542837322,16.57995143947277,80.5411030176899
Paracito          ,1719.0,59.045956951716114,57.47527632344386,2.6600985221674875,40.954043048283886,1.1980295566502464,3.7449392712550607,20.1417004048583,76.11336032388664
Santo Tomás       ,5013.0,57.61021344504289,56.05425892679035,2.7008310249307477,42.38978655495711,1.1700138504155124,2.135231316725979,16.227758007117437,81.63701067615659
Santa Rosa        ,5693.0,58.650974881433335,56.47286140874759,3.7136867325546574,41.349025118566665,1.1769991015274035,1.1508553654743392,26.71850699844479,72.13063763608088
Tures            ,2657.0,57.05683101242002,55.175009409108014,3.2981530343007917,42.94316898757998,1.2770448548812665,5.0477489768076405,20.395634379263303,74.55661664392906
Pará            ,2674.0,58.90052356020943,57.40463724756919,2.5396825396825395,41.09947643979058,1.1161904761904762,4.5602605863192185,24.039087947882738,71.40065146579805
,,,,,,,,,
Santa Bárbara,27695.0,56.421736775591256,54.87994222783896,2.7326251119928324,43.57826322440874,1.319403558172277,5.90828343969998,24.501611948154483,69.59010461214554
,,,,,,,,,
Santa Bárbara     ,4681.0,56.697286904507585,55.30869472334972,2.449133383571967,43.302713095492415,1.239638281838734,2.2788721514098107,22.209347238315953,75.51178061027424
San Pedro         ,4174.0,56.420699568758984,53.90512697652132,4.45859872611465,43.579300431241016,1.370276008492569,6.755555555555555,23.333333333333332,69.91111111111111
San Juan          ,5946.0,57.98856374032964,56.39085099226371,2.7552204176334105,42.01143625967036,1.2221577726218098,2.236802863107665,26.066209364747987,71.69698777214435
Jesús            ,7209.0,56.15203218199473,54.83423498404771,2.3468379446640317,43.84796781800527,1.372282608695652,7.412092081963066,25.196053630154314,67.39185428788262
Santo Domingo,2162.0,55.36540240518038,54.3940795559667,1.7543859649122806,44.63459759481962,1.4051796157059315,13.350340136054422,23.89455782312925,62.755102040816325
Purabá            ,3523.0,54.61254612546126,53.3068407607153,2.390852390852391,45.38745387453875,1.3768191268191268,8.626198083067091,25.1863684771033,66.1874334398296
,,,,,,,,,
San Rafael,35529.0,57.9019955529286,56.13161079681387,3.0575539568345325,42.09800444707141,1.2343476570095275,2.5974025974025974,21.531364388507246,75.87123301409015
,,,,,,,,,
San Rafael        ,7649.0,56.83095829520198,55.18368414171787,2.898550724637681,43.16904170479801,1.2240625718886589,1.634683724235963,20.516465292584694,77.84885098317935
San Josecito      ,8996.0,58.136949755446864,56.03601600711428,3.6137667304015295,41.863050244553136,1.2139579349904397,0.7339813529061694,24.518944653838524,74.74707399325531
Santiago          ,6471.0,60.34615978983155,58.33719672384484,3.329065300896287,39.65384021016845,1.153393085787452,0.7682119205298014,21.774834437086092,77.45695364238411
Ángeles           ,7858.0,57.26648002036141,55.85390684652584,2.466666666666667,42.73351997963859,1.2737777777777777,4.739120528594213,20.095693779904305,75.16518569150148
Concepción        ,4555.0,56.86059275521404,55.25795828759604,2.8185328185328187,43.13940724478595,1.3463320463320463,6.952721493841875,19.388160508541915,73.6591179976162
,,,,,,,,,
San Isidro,16172.0,58.65693791738808,57.35839722977987,2.213788741302973,41.34306208261192,1.1751001475859162,4.721862871927555,18.078913324708925,77.19922380336351
,,,,,,,,,
San Isidro        ,4880.0,60.10245901639344,58.75,2.2502557108762358,39.897540983606554,1.0842141152403681,2.2322985699337288,19.07917683990234,78.68852459016394
San José          ,5750.0,59.47826086956521,58.208695652173915,2.1345029239766085,40.52173913043478,1.1774853801169591,5.855990439199283,15.476546160740961,78.66746340005976
Concepción        ,2074.0,59.01639344262295,57.90742526518804,1.8790849673202614,40.98360655737705,1.1527777777777777,7.410491257285595,16.736053288925895,75.85345545378851
San Francisco     ,3468.0,55.04613610149942,53.662053056516726,2.5144054478784703,44.95386389850058,1.324777370350969,4.782375067168189,22.084900591080064,73.13272434175174
,,,,,,,,,
Belén,17469.0,58.49791058446391,57.08970175739883,2.4072805558273807,41.50208941553609,1.116939035130639,3.0582572946956783,25.6893612754437,71.25238142986062
,,,,,,,,,
San Antonio       ,8002.0,58.14796300924768,56.935766058485385,2.084676552761659,41.85203699075231,1.1366860090264346,2.3046532045654082,26.27304653204565,71.42230026338893
La Ribera         ,4806.0,57.844361215147735,56.47107781939242,2.3741007194244603,42.155638784852265,1.1726618705035972,3.574060427413412,29.1451731761238,67.28076639646278
La Asunción       ,4661.0,59.772580991203604,57.99184724308088,2.979181622397703,40.227419008796396,1.0283560660445084,3.810580836108028,21.235664076951537,74.95375508694043
,,,,,,,,,
Flores,15674.0,58.931989281612864,57.35613117264259,2.6740283641875067,41.068010718387136,1.169210782721663,1.957730812013348,24.00444938820912,74.03781979977752
,,,,,,,,,
San Joaquín       ,5717.0,60.13643519328319,58.42224943152002,2.8504944735311226,39.86356480671681,1.0863874345549738,1.7365269461077846,22.45508982035928,75.80838323353294
Barrantes         ,3232.0,58.13737623762376,57.24009900990099,1.5433741351782864,41.86262376237624,1.177221926556679,2.5945945945945943,19.135135135135133,78.27027027027027
Llorente          ,6725.0,58.289962825278806,56.50557620817844,3.061224489795918,41.71003717472119,1.2380102040816328,1.8421052631578945,27.73684210526316,70.42105263157895
,,,,,,,,,
San Pablo,21923.0,58.52301236144688,56.867217077954656,2.829306313328137,41.47698763855312,1.156742010911925,1.275366968797626,17.71877757279217,81.00585545841021
,,,,,,,,,
San Pablo         ,15318.0,58.408408408408405,56.83509596553075,2.6936403263663795,41.591591591591595,1.1696658097686374,1.5391683896163566,18.148403399954056,80.31242821042959
Rincón de Sabanilla,6605.0,58.78879636638909,56.941710825132475,3.1419005923255217,41.2112036336109,1.1269636878702034,0.6647168306301515,16.724275458654613,82.61100771071523
,,,,,,,,,
Sarapiquí,39447.0,50.47785636423555,48.77176971632824,3.379871434310968,49.522143635764444,1.8699779027721977,48.08981755808514,9.777015437392796,42.133167004522065
,,,,,,,,,
Puerto Viejo      ,13420.0,53.397913561847986,51.356184798807746,3.8236114987440692,46.602086438152014,1.8166341054981858,52.51015670342426,7.153221125943123,40.336622170632616
La Virgen         ,7396.0,49.25635478637101,47.255273120605736,4.0625857809497665,50.74364521362899,1.888004391984628,46.26609442060086,7.753934191702432,45.97997138769671
Las Horquetas     ,17185.0,48.59470468431772,47.23305208030259,2.802059633576817,51.405295315682274,1.9135432882289547,42.62658617715905,12.652457804607614,44.72095601823334
Llanuras del Gaspar,792.0,54.292929292929294,53.535353535353536,1.3953488372093024,45.707070707070706,1.697674418604651,81.13207547169812,6.60377358490566,12.264150943396226
Cureña            ,654.0,49.235474006116206,47.55351681957187,3.4161490683229814,50.764525993883794,1.953416149068323,68.16720257234726,19.935691318327976,11.89710610932476
,,,,,,,,,
Guanacaste,241166.0,47.39349659570586,45.38740950216863,4.232832007839226,52.60650340429414,1.8605562700683307,18.374916635452543,13.151956440310983,68.47312692423647
,,,,,,,,,
Liberia,45580.0,52.05792014041246,49.537077665642826,4.8423803101820635,47.94207985958754,1.6545431557653405,8.525621152398246,12.85707958722707,78.61729926037468
,,,,,,,,,
Liberia           ,38674.0,52.76930237368775,50.09567151057558,5.066640533124265,47.23069762631225,1.6157389259114072,6.400330339630432,13.038092288634251,80.56157737173531
Cañas Dulces      ,2392.0,48.57859531772576,46.82274247491639,3.614457831325301,51.42140468227425,1.7796901893287436,23.125,11.517857142857142,65.35714285714286
Mayorga           ,1123.0,38.3793410507569,36.420302760463045,5.104408352668213,61.6206589492431,2.7099767981438516,38.63080684596577,10.757946210268948,50.61124694376527
Nacascolo         ,1571.0,50.03182686187142,48.05856142584341,3.9440203562340965,49.96817313812858,1.861323155216285,17.218543046357617,13.245033112582782,69.5364238410596
Curubandé         ,1820.0,51.70329670329671,50.604395604395606,2.1253985122210417,48.2967032967033,1.685441020191286,14.983713355048861,11.292073832790445,73.7242128121607
,,,,,,,,,
Nicoya,38625.0,43.72038834951456,42.13592233009709,3.624089536329721,56.27961165048544,2.0097116124829753,17.118279569892472,14.267281105990785,68.61443932411674
,,,,,,,,,
Nicoya            ,18916.0,46.54789596109114,44.66589130894481,4.043157296990346,53.452104038908864,1.820329358319137,9.456740442655935,14.250207125103561,76.2930524322405
Mansión           ,4346.0,40.612057063966866,39.530602853198346,2.6628895184135977,59.387942936033134,2.2390934844192634,22.351571594877765,12.980209545983701,64.66821885913853
San Antonio       ,5286.0,33.46575860764283,32.179341657207715,3.843979649519502,66.53424139235717,2.754663651780667,36.74309229864786,11.346266901822458,51.91064079952968
Quebrada Honda    ,1978.0,36.400404448938325,34.83316481294237,4.305555555555555,63.59959555106168,2.504166666666667,37.59071117561684,12.772133526850507,49.63715529753265
Sámara            ,2612.0,49.77029096477795,48.46860643185298,2.6153846153846154,50.22970903522205,1.7015384615384614,19.747235387045812,13.191153238546605,67.06161137440758
Nosara            ,3516.0,54.40841865756541,52.7872582480091,2.9796131730266597,45.59158134243459,1.567694720334553,13.954741379310345,19.881465517241377,66.16379310344827
Belén de Nosarita ,1971.0,31.202435312024352,30.238457635717907,3.089430894308943,68.79756468797564,3.367479674796748,35.23489932885906,13.087248322147651,51.67785234899329
,,,,,,,,,
Santa Cruz,41660.0,47.50600096015363,45.396063370139224,4.441412763377293,52.49399903984637,1.784295892072154,12.203891708967852,10.89784263959391,76.89826565143824
,,,,,,,,,
Santa Cruz        ,16287.0,48.14269048934733,46.34370970712838,3.736768269353399,51.85730951065267,1.7476087233771203,9.75092739798622,11.287758346581876,78.9613142554319
Bolsón            ,1264.0,36.155063291139236,34.810126582278485,3.7199124726477026,63.84493670886076,2.560175054704595,45.68181818181819,13.636363636363635,40.68181818181818
Veintisiete de Abril,5297.0,40.89107041721729,38.45572965829715,5.955678670360111,59.10892958278271,2.2539242843951985,20.814923907707414,13.451153657339225,65.73392243495336
Tempate           ,4207.0,49.08485856905158,46.89802709769432,4.455205811138015,50.91514143094842,1.7263922518159807,10.593005575266092,11.910795742524074,77.49619868220984
Cartagena         ,2940.0,41.87074829931973,40.17006802721089,4.061738424045491,58.12925170068027,2.106417546709992,7.281964436917867,7.281964436917867,85.43607112616426
Cuajiniquil       ,1307.0,42.61667941851569,41.69854628921193,2.154398563734291,57.38332058148432,2.2118491921005385,30.825688073394495,8.990825688073395,60.18348623853211
Diriá            ,3024.0,44.24603174603175,41.732804232804234,5.680119581464873,55.75396825396825,1.9185351270553064,17.98732171156894,10.45958795562599,71.55309033280507
Cabo Velas        ,2570.0,54.007782101167315,50.856031128404666,5.835734870317003,45.992217898832685,1.4221902017291066,8.11017597551645,9.793420045906656,82.09640397857689
Tamarindo         ,4764.0,57.68261964735516,54.97481108312342,4.6943231441048034,42.31738035264483,1.3198689956331877,5.765559373806797,9.35471554028255,84.87972508591065
,,,,,,,,,
Bagaces,14037.0,45.89299707914797,44.133361829450735,3.8342129773362306,54.10700292085203,2.0325985718720894,29.39467312348668,12.445520581113803,58.15980629539952
,,,,,,,,,
Bagaces           ,8769.0,46.424905918576805,44.3152012772266,4.54433800049128,53.57509408142319,2.037828543355441,33.27328872876995,13.098301595470922,53.62840967575914
La Fortuna        ,2060.0,44.70873786407767,43.83495145631068,1.9543973941368076,55.291262135922324,1.992399565689468,17.386489479512733,8.416389811738648,74.19712070874863
Mogote            ,2427.0,46.72435105067985,45.44705397610219,2.7336860670194003,53.27564894932016,1.9964726631393297,22.57479601087942,12.964641885766092,64.46056210335449
Río Naranjo       ,781.0,40.46094750320102,38.79641485275288,4.113924050632911,59.53905249679897,2.212025316455696,40.26402640264026,14.19141914191419,45.54455445544555
,,,,,,,,,
Carrillo,27199.0,46.49435641016214,43.869259899261,5.646054088249248,53.50564358983786,1.9354736675628657,13.819979886020784,15.546429768689238,70.63359034528997
,,,,,,,,,
Filadelfia        ,5963.0,41.67365420090559,38.52087875230589,7.565392354124749,58.32634579909441,2.2004024144869216,20.24379625598607,18.197649107531564,61.55855463648236
Palmira           ,3911.0,48.68320122730759,45.99846586550754,5.514705882352941,51.31679877269241,1.8445378151260505,14.785992217898833,21.734296831573097,63.479710950528066
Sardinal          ,10919.0,49.83057056507006,47.40360838904662,4.87042823010476,50.16942943492994,1.740672670464988,10.278207109737249,12.712519319938176,77.00927357032458
Belén            ,6406.0,43.958788635654074,41.523571651576646,5.5397727272727275,56.04121136434592,2.139559659090909,14.511278195488723,14.586466165413533,70.90225563909775
,,,,,,,,,
Cañas,19026.0,49.82129717229055,48.21822768842636,3.217638991454795,50.17870282770945,1.764110138200232,25.692173533900153,12.982341399607586,61.325485066492256
,,,,,,,,,
Cañas            ,15046.0,50.36554565997607,48.79037617971554,3.127474267616785,49.63445434002393,1.7468989179202956,18.26726604004904,12.8320392317123,68.90069472823866
Palmira           ,711.0,43.319268635724335,42.33473980309424,2.272727272727273,56.68073136427567,2.207792207792208,66.11295681063123,6.64451827242525,27.242524916943523
San Miguel        ,1252.0,50.07987220447284,48.1629392971246,3.827751196172249,49.92012779552716,1.6220095693779903,50.74626865671642,9.12106135986733,40.13266998341625
Bebedero          ,1526.0,48.29619921363041,46.26474442988204,4.2062415196743554,51.70380078636959,1.8276797829036635,55.524079320113316,19.263456090651555,25.21246458923513
Porozal           ,491.0,46.63951120162933,45.41751527494908,2.6200873362445414,53.360488798370675,1.9213973799126638,53.36322869955157,17.040358744394617,29.596412556053814
,,,,,,,,,
Abangares,13323.0,47.12902499437064,44.86226825789987,4.809683070552636,52.87097500562936,1.8729096989966556,30.51698176342647,17.567341475656683,51.91567676091685
,,,,,,,,,
Las Juntas        ,7046.0,47.00539313085439,44.904910587567414,4.4685990338164245,52.99460686914561,1.8629227053140096,22.914032869785082,15.04424778761062,62.041719342604296
Sierra            ,1742.0,53.84615384615385,52.123995407577496,3.1982942430703627,46.15384615384615,1.5063965884861408,42.40088105726873,10.352422907488986,47.246696035242294
San Juan          ,1192.0,44.79865771812081,42.61744966442953,4.868913857677903,55.20134228187919,1.9681647940074907,46.25984251968504,11.614173228346457,42.125984251968504
Colorado          ,3343.0,44.720311097816335,41.788812443912654,6.5551839464882935,55.279688902183665,2.0909698996655517,34.28775948460988,30.13600572655691,35.57623478883322
,,,,,,,,,
Tilarán,14705.0,48.616116967018016,47.2288337300238,2.853545950482585,51.383883032981984,1.7472373758567632,20.100791936645066,14.557235421166306,65.34197264218862
,,,,,,,,,
Tilarán           ,6454.0,50.52680508211962,49.03935543848776,2.9438822447102115,49.473194917880384,1.6608402330573444,7.9620853080568725,13.712480252764614,78.32543443917851
Quebrada Grande   ,2027.0,50.518006906758764,49.38332511100148,2.24609375,49.48199309324124,1.63671875,36.863136863136866,15.984015984015985,47.15284715284716
Tronadora         ,1359.0,45.18027961736571,44.370860927152314,1.7915309446254073,54.81972038263429,1.9234527687296417,25.538971807628524,16.086235489220563,58.374792703150916
Santa Rosa        ,1469.0,45.81347855684139,43.97549353301566,4.011887072808321,54.18652144315861,1.8900445765230312,21.517027863777088,15.479876160990713,63.00309597523219
Líbano            ,673.0,44.13075780089153,43.09063893016345,2.356902356902357,55.86924219910847,1.9124579124579124,57.58620689655173,7.241379310344828,35.172413793103445
Tierras Morenas   ,1021.0,43.09500489715965,41.52791380999021,3.6363636363636362,56.90499510284035,2.0863636363636364,36.556603773584904,16.037735849056602,47.40566037735849
Arenal            ,1702.0,49.35370152761457,47.94359576968273,2.857142857142857,50.64629847238543,1.7380952380952381,19.607843137254903,16.05392156862745,64.33823529411765
,,,,,,,,,
Nandayure,8384.0,42.17557251908397,40.30295801526718,4.4400452488687785,57.82442748091603,2.145079185520362,33.70819769162474,11.68984906777153,54.60195324060373
,,,,,,,,,
Carmona           ,1909.0,46.98795180722892,45.835515976951285,2.4526198439241917,53.01204819277109,1.7714604236343368,11.2,9.828571428571427,78.97142857142858
Santa Rita        ,1083.0,34.71837488457987,31.763619575253927,8.51063829787234,65.28162511542013,2.845744680851064,32.55813953488372,7.848837209302325,59.59302325581395
Zapotal           ,926.0,42.00863930885529,40.28077753779697,4.113110539845758,57.99136069114471,2.1233933161953726,50.93833780160858,10.187667560321715,38.8739946380697
San Pablo         ,1618.0,37.7008652657602,35.10506798516687,6.885245901639345,62.2991347342398,2.6180327868852458,45.42253521126761,8.97887323943662,45.598591549295776
Porvenir          ,592.0,43.07432432432432,41.891891891891895,2.7450980392156863,56.92567567567568,1.9058823529411764,51.61290322580645,11.29032258064516,37.096774193548384
Bejuco            ,2256.0,44.72517730496454,43.04078014184397,3.7661050545094152,55.27482269503546,1.9990089197224976,36.35427394438723,16.992790937178167,46.6529351184346
,,,,,,,,,
La Cruz,13106.0,45.35327330993438,43.70517320311308,3.6339165545087484,54.64672669006562,2.226951547779273,37.185754189944134,9.549581005586592,53.26466480446928
,,,,,,,,,
La Cruz           ,6431.0,47.426527756180995,45.46726792100762,4.131147540983607,52.573472243819,2.0147540983606556,17.6812585499316,8.891928864569083,73.4268125854993
Santa Cecilia     ,4134.0,44.26705370101596,42.8640541848089,3.169398907103825,55.73294629898403,2.419672131147541,60.10158013544018,11.399548532731377,28.49887133182844
La Garita         ,1116.0,40.23297491039426,38.88888888888889,3.34075723830735,59.76702508960573,2.7594654788418707,61.75115207373272,8.064516129032258,30.184331797235025
Santa Elena       ,1425.0,43.15789473684211,41.96491228070175,2.7642276422764227,56.84210526315789,2.317073170731707,46.82274247491639,8.361204013377927,44.81605351170568
,,,,,,,,,
Hojancha,5521.0,43.7601883716718,42.800217351929,2.1937086092715234,56.239811628328205,1.9788907284768211,32.92424883622514,12.272534913245874,54.80321625052898
,,,,,,,,,
Hojancha          ,3259.0,45.013807916538816,44.24670144216017,1.7041581458759374,54.986192083461184,1.8936605316973416,25.381414701803052,11.927877947295423,62.69070735090153
Monte Romo,513.0,43.07992202729044,40.74074074074074,5.429864253393665,56.92007797270955,2.0361990950226243,71.29186602870813,5.263157894736842,23.444976076555022
Puerto Carrillo   ,1201.0,42.048293089092425,40.79933388842631,2.9702970297029703,57.951706910907575,2.116831683168317,25.102040816326532,15.918367346938775,58.97959183673469
Huacas            ,548.0,40.693430656934304,40.51094890510949,0.4484304932735426,59.306569343065696,2.1704035874439462,63.06306306306306,13.063063063063062,23.873873873873876
,,,,,,,,,
Puntarenas,295918.0,48.90848140363209,47.28742421887144,3.3144704931285367,51.09151859636791,1.8392996565995758,24.507617985878856,14.532058428379498,60.96032358574165
,,,,,,,,,
Puntarenas,84210.0,48.17361358508491,46.37453984087401,3.734562575492395,51.82638641491509,1.8352848374294377,17.47925842466455,15.914677865410223,66.60606370992522
,,,,,,,,,
Puntarenas        ,6801.0,53.25687398911925,51.448316424055285,3.3959138597459972,46.74312601088075,1.3012147984538929,10.002857959416977,8.802515004286938,81.19462703629608
Pitahaya          ,1515.0,46.930693069306926,45.61056105610561,2.8129395218002813,53.069306930693074,2.109704641350211,62.95224312590448,12.590448625180898,24.457308248914618
Chomes            ,3940.0,43.401015228426395,41.52284263959391,4.3274853801169595,56.598984771573605,2.2292397660818715,48.34963325183374,12.469437652811736,39.18092909535452
Lepanto           ,7170.0,41.11576011157601,39.567642956764296,3.7652645861601086,58.884239888423984,2.223202170963365,38.914346140289034,8.53013746915756,52.5555163905534
Paquera           ,4875.0,43.93846153846154,42.728205128205126,2.754435107376284,56.06153846153846,2.1213818860877685,27.220355256841096,8.97743638982237,63.80220835333653
Manzanillo        ,1965.0,43.91857506361323,42.849872773536894,2.4333719582850524,56.08142493638677,2.257242178447277,63.895486935866984,5.344418052256532,30.760095011876487
Guacimal          ,698.0,48.28080229226361,47.70773638968481,1.1869436201780417,51.719197707736384,1.738872403560831,48.94894894894895,17.417417417417415,33.633633633633636
Barranca          ,21866.0,47.42522637885301,45.262050672276594,4.561234329797493,52.57477362114699,1.9556412729026036,7.113266646458523,22.451247852884713,70.43548550065677
Monte Verde       ,3042.0,59.86193293885601,58.119658119658126,2.910488742449204,40.138067061143985,1.2817133443163098,7.409502262443439,11.877828054298641,80.71266968325791
Cóbano            ,5442.0,56.41308342521132,54.83278206541713,2.801302931596091,43.58691657478868,1.441042345276873,14.209115281501342,10.924932975871315,74.86595174262735
Chacarita         ,12681.0,47.70917120100938,45.84023342007728,3.9173553719008263,52.29082879899062,1.8816528925619835,11.543093067263031,17.942542576982625,70.51436435575434
Chira        ,1119.0,44.50402144772118,43.69973190348526,1.8072289156626504,55.49597855227882,2.1646586345381524,64.62167689161554,3.476482617586912,31.901840490797547
Acapulco          ,993.0,46.626384692849946,45.720040281973816,1.9438444924406046,53.37361530715005,1.7991360691144709,36.34361233480176,22.24669603524229,41.409691629955944
El Roble          ,11589.0,49.71956165329192,47.69177668478729,4.078444984380424,50.28043834670809,1.734987851440472,5.427899402931065,20.987877691333452,73.58422290573549
Arancibia         ,514.0,38.91050583657588,38.715953307393,0.5,61.08949416342413,2.325,83.91959798994975,2.512562814070352,13.5678391959799
,,,,,,,,,
Esparza,21413.0,49.4886284033064,47.7326857516462,3.548174011512692,50.5113715966936,1.703029159195999,7.298698757460132,23.647392623031013,69.05390861950885
,,,,,,,,,
Espíritu Santo    ,11873.0,49.29672365872147,47.33428788006401,3.9808645139244834,50.70327634127854,1.6799931658978302,3.3274021352313166,23.896797153024913,72.77580071174377
San Juan Grande   ,4433.0,48.116399729302955,46.198962327994586,3.984997655883732,51.88360027069705,1.8931082981715892,10.205078125,27.05078125,62.744140625
Macacona          ,3497.0,52.04460966542751,50.814984272233346,2.3626373626373627,47.95539033457249,1.6054945054945056,5.571187394485087,21.834552616769837,72.59425998874508
San Rafael        ,1020.0,49.6078431372549,48.431372549019606,2.371541501976284,50.3921568627451,1.5573122529644268,23.684210526315788,16.39676113360324,59.91902834008097
San Jerónimo      ,590.0,48.30508474576271,47.79661016949153,1.0526315789473684,51.69491525423729,1.6350877192982456,47.5177304964539,18.085106382978726,34.39716312056738
,,,,,,,,,
Buenos Aires,30658.0,45.24104638267337,43.71452801878792,3.374188896899784,54.75895361732663,2.262004325883201,54.365020146246835,8.327115355917027,37.30786449783615
,,,,,,,,,
Buenos Aires      ,14300.0,48.11888111888112,46.60839160839161,3.139078622293271,51.88111888111888,2.0610376398779247,39.54988747186797,9.077269317329332,51.3728432108027
Volcán            ,2706.0,43.27420546932742,41.352549889135254,4.44064901793339,56.72579453067258,2.2578992314261317,66.93476318141197,10.00893655049151,23.056300268096514
Potrero Grande    ,3882.0,39.33539412673879,37.06852138073158,5.762933857236411,60.6646058732612,2.900458415193189,61.570535093815145,7.366226546212648,31.0632383599722
Boruca            ,2118.0,41.02927289896128,39.754485363550515,3.1070195627157653,58.97072710103871,2.5373993095512084,51.66270783847982,16.983372921615203,31.353919239904986
Pilas            ,1124.0,43.861209964412815,43.77224199288256,0.2028397565922921,56.13879003558719,2.365111561866126,86.3821138211382,2.2357723577235773,11.38211382113821
Colinas      ,983.0,52.89928789420142,52.79755849440488,0.19230769230769232,47.10071210579858,1.6365384615384615,84.20038535645472,1.1560693641618496,14.64354527938343
Chánguena         ,1695.0,44.24778761061947,43.42182890855457,1.866666666666667,55.75221238938053,2.508,85.7336956521739,2.309782608695652,11.956521739130435
Biolley           ,1691.0,44.35245416913069,43.82022471910113,1.2,55.647545830869305,2.2733333333333334,72.8744939271255,6.342780026990553,20.78272604588394
Brunka            ,2159.0,42.10282538212135,39.32376100046318,6.6006600660066,57.89717461787865,2.5423542354235424,64.42873969375736,8.12720848056537,27.444051825677267
,,,,,,,,,
Montes de Oro,9895.0,47.65032844871147,46.36685194542699,2.693531283138918,52.34967155128854,1.7465535524920466,13.557105492589363,19.74716652136007,66.69572798605057
,,,,,,,,,
Miramar           ,6433.0,48.9040882947303,47.92476294108503,2.002542911633821,51.0959117052697,1.6376350921805467,7.817061303924748,20.49951346091469,71.68342523516056
La Unión          ,968.0,41.83884297520662,41.21900826446281,1.4814814814814816,58.16115702479338,2.083950617283951,53.63408521303258,9.273182957393484,37.092731829573935
San Isidro        ,2494.0,46.67201283079391,44.34643143544507,4.982817869415808,53.32798716920609,1.9235395189003437,15.099457504520796,21.428571428571427,63.47197106690777
,,,,,,,,,
Osa,21458.0,48.54599683101873,47.09665392860472,2.9855044638571564,51.45400316898127,1.825477584717289,28.032851771225015,13.130813378191172,58.83633485058382
,,,,,,,,,
Puerto Cortés     ,5834.0,47.49742886527254,46.16043880699349,2.8148682785997834,52.50257113472746,1.8758570913027788,15.001856665428889,16.37578908280728,68.62235425176382
Palmar            ,7146.0,48.7685418415897,47.11726840190316,3.3859397417503585,51.231458158410305,1.8163558106169297,28.452628452628453,12.94921294921295,58.5981585981586
Sierpe            ,3069.0,47.2792440534376,46.138807429130004,2.412129565816678,52.720755946562406,1.8980013783597518,43.14971751412429,7.13276836158192,49.717514124293785
Bahía Ballena     ,2379.0,58.68011769651113,57.250945775535946,2.4355300859598854,41.31988230348886,1.3681948424068768,13.656387665198238,17.474302496328928,68.86930983847283
Piedras Blancas   ,3030.0,43.366336633663366,41.84818481848185,3.50076103500761,56.63366336633663,2.1491628614916287,53.154574132492115,8.753943217665615,38.09148264984227
,,,,,,,,,
Aguirre,19804.0,54.968693193294285,52.75701878408402,4.023516443137975,45.031306806705715,1.4674811684732685,17.10375191424196,13.294410413476262,69.60183767228177
,,,,,,,,,
Quepos            ,14677.0,56.40117190161477,54.00286162022212,4.252234839333172,43.598828098385226,1.3988886204397197,14.58491042139793,12.919505425182942,72.49558415341912
Savegre           ,2440.0,50.24590163934426,49.13934426229508,2.202283849918434,49.75409836065573,1.7128874388254487,32.36030025020851,15.929941618015011,51.70975813177648
Naranjito         ,2687.0,51.43282471157424,49.237067361369554,4.26917510853835,48.56717528842575,1.6606367583212736,18.367346938775512,13.151927437641723,68.48072562358276
,,,,,,,,,
Golfito,28045.0,48.42217864146907,46.63576395079337,3.6892488954344627,51.577821358530926,1.8829160530191458,24.69607768177995,12.638580931263856,62.665341386956186
,,,,,,,,,
Golfito           ,8303.0,51.788510177044444,49.307479224376735,4.790697674418604,48.211489822955556,1.624186046511628,12.383976551050317,9.08646800195408,78.5295554469956
Puerto Jiménez    ,6258.0,49.34483860658357,47.33141578779163,4.080310880829016,50.65516139341643,1.8461787564766838,26.704929101958136,11.951384199864956,61.3436866981769
Guaycará          ,9305.0,47.32939279957012,45.932294465341215,2.9518619436875566,52.67060720042988,1.9332425068119892,23.186710341600374,17.0566214319139,59.75666822648573
Pavón ,4179.0,42.78535534816942,41.85211773151472,2.1812080536912752,57.21464465183058,2.4446308724832213,53.80217267009721,11.320754716981133,34.877072612921665
,,,,,,,,,
Coto Brus,26748.0,44.706146253925525,43.70046358606251,2.2495400568656967,55.293853746074475,2.2156715169760828,42.090854649670625,8.743262896740525,49.16588245358884
,,,,,,,,,
San Vito          ,10550.0,45.66824644549763,44.62559241706161,2.28310502283105,54.33175355450237,2.078870900788709,30.310110450297366,9.940526762956669,59.74936278674596
Sabalito          ,7534.0,45.75258826652509,45.02256437483408,1.5955903684363215,54.24741173347491,2.1865390194371916,52.68278301886793,7.753537735849056,39.56367924528302
Aguabuena         ,4491.0,45.73591627699844,44.04364284123803,3.700097370983447,54.264083723001555,2.0603700097370985,34.52982810920122,7.937310414560161,57.53286147623863
Limoncito         ,2288.0,34.87762237762238,34.26573426573427,1.7543859649122806,65.12237762237763,3.5,48.08673469387755,9.438775510204081,42.474489795918366
Pittier           ,1885.0,44.61538461538462,43.87267904509284,1.6646848989298455,55.38461538461539,2.2794292508917953,78.1136638452237,7.255139056831923,14.631197097944376
,,,,,,,,,
Parrita,11857.0,50.43434258244075,48.781310618200216,3.2775919732441468,49.56565741755925,1.6948160535117056,24.79253112033195,19.017980636237898,56.189488243430155
,,,,,,,,,
Parrita           ,11857.0,50.43434258244075,48.781310618200216,3.2775919732441468,49.56565741755925,1.6948160535117056,24.79253112033195,19.017980636237898,56.189488243430155
,,,,,,,,,
Corredores,29586.0,49.96282025282228,48.85418779152302,2.218914896495738,50.03717974717772,1.829860641320525,28.379687283796873,14.888612148886121,56.731700567317
,,,,,,,,,
Corredor          ,12377.0,52.023915326815874,50.70695645148259,2.5314489827612983,47.97608467318413,1.6789874204068955,23.07202039515615,15.822179732313577,61.10579987253028
La Cuesta         ,2795.0,52.80858676207514,51.842576028622545,1.8292682926829267,47.19141323792487,1.646341463414634,25.948930296756384,13.388543823326431,60.66252587991718
Canoas            ,7973.0,49.140850369998745,47.9994983067854,2.322613578356304,50.859149630001255,1.9420622766717712,18.21269924222629,13.117324274888947,68.66997648288476
Laurel            ,6441.0,45.78481602235678,45.05511566526937,1.5937605968124788,54.21518397764322,2.102068497795863,54.47966919365954,15.954514128187459,29.565816678152995
,,,,,,,,,
Garabito,12244.0,60.24991832734401,58.061091146684085,3.632913108309611,39.750081672655995,1.3355022366815779,7.145871430580954,14.601209734139822,78.25291883527923
,,,,,,,,,
Jacó             ,8280.0,62.51207729468599,60.02415458937198,3.9799072642967546,37.487922705314006,1.2575347758887172,4.466800804828973,14.72837022132797,80.80482897384306
Tárcoles          ,3964.0,55.52472250252271,53.960645812310794,2.8169014084507045,44.47527749747729,1.5188550658791458,13.370733987844789,14.305750350631136,72.32351566152407
,,,,,,,,,
Limón,270157.0,50.44511154624903,48.265638128939834,4.320484880504252,49.55488845375097,1.8387082572038655,38.166159226338834,11.384813601957159,50.449027171703996
,,,,,,,,,
Limón,65555.0,48.86126153611471,46.38700327968881,5.063844400736786,51.13873846388529,1.9476132496643876,17.251471603801505,13.328290966490183,69.42023742970831
,,,,,,,,,
Limón,43765.0,50.839712098709015,48.1434936593168,5.3033707865168545,49.160287901290985,1.744808988764045,3.9060275272899863,14.314190792596108,81.7797816801139
Valle La Estrella ,11338.0,42.89116246251544,41.27712118539425,3.763109191856878,57.10883753748457,2.6825005140859552,68.18376068376068,5.811965811965812,26.004273504273506
Río Blanco        ,5616.0,46.06481481481482,43.35826210826211,5.875531503672208,53.93518518518518,2.2110552763819094,15.359342915811089,19.753593429158112,64.8870636550308
Matama            ,4836.0,48.20099255583127,45.98842018196857,4.590304590304591,51.79900744416873,2.057915057915058,38.57913669064748,12.769784172661872,48.65107913669065
,,,,,,,,,
Pococí,89730.0,51.16126156246518,48.86771425387273,4.482976452392881,48.83873843753483,1.7438517001764438,36.46377340418254,13.012839517434832,50.52338707838263
,,,,,,,,,
Guápiles          ,26647.0,54.80541899650993,53.08289863774534,3.1429745275267047,45.19458100349007,1.497192549986305,11.700247437256982,16.062212796041003,72.23753976670201
Jiménez           ,7393.0,53.469498173948324,51.061815230623566,4.502909182899064,46.53050182605167,1.6564634454844422,20.397350993377483,25.483443708609272,54.11920529801324
Rita             ,17063.0,47.682119205298015,45.056555119263905,5.506391347099312,52.317880794701985,1.9548918387413963,58.1165452653486,9.833506763787721,32.049947970863684
Roxana            ,11761.0,51.05858345378794,48.69483887424539,4.62947543713572,48.94141654621206,1.7960033305578684,64.2221058145626,8.57342413130784,27.20447005412956
Cariari           ,24123.0,48.53873896281557,45.78617916511213,5.670851481766163,51.46126103718443,1.9187804253138612,43.521955636034406,10.248981439565414,46.22906292440018
Colorado          ,2743.0,54.68465184104995,53.55450236966824,2.0666666666666664,45.31534815895005,1.6566666666666667,41.5929203539823,6.330837304288632,52.07624234172906
,,,,,,,,,
Siquirres,40174.0,50.58246627171803,48.755413949320456,3.6120269671768126,49.417533728281974,1.7944490920722405,44.8511768009394,10.394649512431716,44.75417368662888
,,,,,,,,,
Siquirres         ,22430.0,51.185911725367816,49.259919750334376,3.7627384374183435,48.81408827463219,1.7555962024213918,40.19368268621595,8.770024436600597,51.036292877183456
Pacuarito         ,6077.0,51.34112226427514,49.61329603422742,3.3653846153846154,48.658877735724865,1.8064102564102564,75.65505804311773,3.1840796019900495,21.160862354892206
Florida           ,1617.0,48.85590599876314,47.124304267161406,3.5443037974683547,51.14409400123686,1.7645569620253165,40.28871391076115,20.99737532808399,38.71391076115486
Germania          ,1832.0,49.23580786026201,48.08951965065502,2.328159645232816,50.76419213973799,1.7394678492239468,43.4733257661748,19.296254256526673,37.230419977298524
El Cairo          ,4247.0,48.12809041676477,46.19731575229574,4.011741682974559,51.87190958323522,1.9755381604696673,43.47604485219164,16.15698267074414,40.36697247706422
Alegría        ,3971.0,49.96222613951146,48.30017627801561,3.326612903225806,50.03777386048854,1.8508064516129032,27.111574556830032,16.89259645464025,55.995828988529716
,,,,,,,,,
Talamanca,19899.0,50.38946680737726,48.912005628423536,2.932083374887803,49.610533192622746,2.0629300887603472,48.9263330935991,6.84270009246892,44.230966813931985
,,,,,,,,,
Bratsi            ,4756.0,47.62405382674517,46.74095878889823,1.8543046357615895,52.37594617325484,2.230905077262693,45.02923976608187,6.792622582096267,48.178137651821864
Sixaola           ,5558.0,51.15149334292911,49.83807124865059,2.5677101653183256,48.84850665707089,2.116778051354203,66.13718411552347,3.898916967509025,29.96389891696751
Cahuita           ,5686.0,52.33907843826944,49.8593035525853,4.737903225806452,47.66092156173057,1.7866263440860215,17.07231040564374,12.16931216931217,70.75837742504409
Telire,3899.0,49.83329058733009,48.85868171325981,1.9557385486361298,50.16670941266992,2.211528564076171,75.8530183727034,3.254593175853018,20.89238845144357
,,,,,,,,,
Matina,25740.0,51.911421911421904,49.63869463869464,4.378087112707679,48.08857808857809,1.8230055380930998,64.39696329341787,5.75252406668232,29.85051263989982
,,,,,,,,,
Matina            ,6180.0,51.81229773462783,49.045307443365694,5.340412242348532,48.18770226537217,1.8550905683947532,68.62421643022105,6.334543055097328,25.041240514681622
Batán            ,11339.0,50.70112002822118,48.222947349854486,4.887806575056532,49.29887997177882,1.8756305444425116,53.63935625457206,6.912948061448428,39.44769568397952
Carrandi          ,8221.0,53.65527308113368,52.03746502858533,3.0151892994785765,46.34472691886632,1.731126728632963,75.15194015895278,3.8569424964936885,20.99111734455353
,,,,,,,,,
Guácimo,29059.0,50.356171926081416,48.30861351044427,4.0661518485614705,49.64382807391858,1.8200642383653387,48.12651374839721,11.746687562330816,40.12679868927197
,,,,,,,,,
Guácimo           ,12919.0,52.13251799674897,50.11223778930258,3.875278396436525,47.86748200325103,1.7210096510764663,31.835032437442074,16.06425702811245,52.10071053444547
Mercedes          ,1337.0,41.21166791323859,39.41660433807031,4.3557168784029034,58.78833208676141,2.098003629764065,29.22201138519924,11.005692599620494,59.772296015180274
Pocora            ,4631.0,49.8812351543943,47.59231267544807,4.588744588744588,50.1187648456057,1.7844155844155845,42.01451905626135,12.749546279491833,45.23593466424683
Río Jiménez       ,6077.0,48.593055784104,46.766496626624985,3.758889265154081,51.406944215896,1.9603792753132407,71.5341308937368,5.489092188599578,22.976776917663617
Duacarí           ,4095.0,50.89133089133089,48.62026862026862,4.46257197696737,49.108669108669105,1.9073896353166986,79.45755901557007,5.725765946760422,14.816675037669514
